"game_date","away_team","home_team","status","winner","favored_team","away_win_probability","home_win_probability","game_id","away_score","home_score","away_record","home_record","away_win_pct","home_win_pct","away_pyth_pct","home_pyth_pct","away_run_diff_pg","home_run_diff_pg","away_rs_pg","home_rs_pg","away_ra_pg","home_ra_pg","away_era","home_era","away_probable_starter","home_probable_starter","game_time"
"2026-07-16","New York Mets","Philadelphia Phillies","Final","New York Mets","Philadelphia Phillies",0.3589,0.6411,"401816143","4","1","41-57","54-44",0.466,0.55,0.478,0.518,-0.22,0.17,4.34,4.47,4.56,4.3,NA,NA,"","","10:00 PM ET"
"2026-07-17","Tampa Bay Rays","Boston Red Sox","Final","Boston Red Sox","Tampa Bay Rays",0.5274,0.4726,"401872178","0","10","56-39","47-48",0.601,0.544,0.542,0.563,0.4,0.57,4.51,4.42,4.11,3.85,NA,NA,"","","05:35 PM ET"
"2026-07-17","Los Angeles Dodgers","New York Yankees","Final","Los Angeles Dodgers","New York Yankees",0.4842,0.5158,"401816142","2","1","62-36","54-43",0.608,0.574,0.619,0.591,1.16,0.83,4.98,4.56,3.82,3.73,NA,NA,"","","11:05 PM ET"
"2026-07-17","Chicago White Sox","Toronto Blue Jays","Final","Chicago White Sox","Toronto Blue Jays",0.4519,0.5481,"401816141","12","4","51-45","45-52",0.51,0.497,0.524,0.472,0.24,-0.26,4.68,4.03,4.44,4.28,NA,NA,"","","11:15 PM ET"
"2026-07-17","Texas Rangers","Atlanta Braves","Final","Atlanta Braves","Atlanta Braves",0.3412,0.6588,"401816146","1","15","49-48","56-40",0.486,0.591,0.465,0.587,-0.33,0.81,4.13,4.62,4.46,3.81,NA,NA,"","","11:15 PM ET"
"2026-07-17","Miami Marlins","Milwaukee Brewers","Final","Milwaukee Brewers","Milwaukee Brewers",0.3245,0.6755,"401816148","1","2","52-46","60-37",0.49,0.624,0.503,0.63,0.03,1.32,4.43,5.2,4.4,3.89,NA,NA,"","","11:40 PM ET"
"2026-07-17","Minnesota Twins","Chicago Cubs","Final","Minnesota Twins","Chicago Cubs",0.3863,0.6137,"401816149","5","2","49-49","54-43",0.473,0.557,0.465,0.587,-0.37,0.93,4.6,5.34,4.97,4.41,NA,NA,"","","12:05 AM ET"
"2026-07-17","Baltimore Orioles","Houston Astros","Final","Baltimore Orioles","Houston Astros",0.4341,0.5659,"401816147","3","2","47-51","47-52",0.483,0.503,0.481,0.471,-0.19,-0.29,4.5,4.46,4.69,4.75,NA,NA,"","","12:10 AM ET"
"2026-07-17","San Diego Padres","Kansas City Royals","Final","Kansas City Royals","San Diego Padres",0.5913,0.4087,"401816150","6","7","48-49","39-59",0.541,0.443,0.515,0.439,0.14,-0.61,4.28,4.25,4.14,4.86,NA,NA,"","","12:10 AM ET"
"2026-07-17","Cincinnati Reds","Colorado Rockies","Final","Cincinnati Reds","Cincinnati Reds",0.5993,0.4007,"401816151","7","2","44-52","39-60",0.466,0.372,0.404,0.405,-0.99,-1.09,4.19,4.7,5.18,5.79,NA,NA,"","","12:40 AM ET"
"2026-07-17","Detroit Tigers","Los Angeles Angels","Final","Detroit Tigers","Detroit Tigers",0.5659,0.4341,"401816152","2","1","45-52","38-60",0.466,0.378,0.546,0.446,0.43,-0.51,4.45,4.05,4.02,4.55,NA,NA,"","","01:38 AM ET"
"2026-07-17","St. Louis Cardinals","Arizona Diamondbacks","Final","St. Louis Cardinals","Arizona Diamondbacks",0.4028,0.5972,"401816154","5","4","51-45","49-48",0.493,0.534,0.495,0.505,-0.05,0.05,4.56,4.44,4.61,4.39,NA,NA,"","","01:40 AM ET"
"2026-07-17","Washington Nationals","Athletics","Final","Washington Nationals","Athletics",0.4973,0.5027,"401816155","23","4","49-49","41-56",0.46,0.405,0.501,0.386,0.01,-1.26,5.11,4.37,5.09,5.63,NA,NA,"","","01:40 AM ET"
"2026-07-17","San Francisco Giants","Seattle Mariners","Final","San Francisco Giants","Seattle Mariners",0.3882,0.6118,"401816153","7","0","42-55","48-50",0.416,0.466,0.449,0.445,-0.5,-0.51,4.21,3.96,4.72,4.47,NA,NA,"","","02:10 AM ET"
"2026-07-18","Pittsburgh Pirates","Cleveland Guardians","Final","Pittsburgh Pirates","Cleveland Guardians",0.4216,0.5784,"401896568","7","1","51-47","51-47",0.497,0.503,0.516,0.49,0.17,-0.09,4.79,4.07,4.62,4.16,NA,NA,"","","05:10 PM ET"
"2026-07-18","Minnesota Twins","Chicago Cubs","Final","Chicago Cubs","Chicago Cubs",0.3863,0.6137,"401816164","2","6","49-50","55-43",0.473,0.557,0.465,0.587,-0.37,0.93,4.6,5.34,4.97,4.41,NA,NA,"","","06:20 PM ET"
"2026-07-18","New York Mets","Philadelphia Phillies","Final","Philadelphia Phillies","Philadelphia Phillies",0.3589,0.6411,"401816158","1","6","41-58","55-44",0.466,0.55,0.478,0.518,-0.22,0.17,4.34,4.47,4.56,4.3,NA,NA,"","","07:05 PM ET"
"2026-07-18","Chicago White Sox","Toronto Blue Jays","Final","Toronto Blue Jays","Toronto Blue Jays",0.4519,0.5481,"401816156","0","1","51-46","46-52",0.51,0.497,0.524,0.472,0.24,-0.26,4.68,4.03,4.44,4.28,NA,NA,"","","07:07 PM ET"
"2026-07-18","Cincinnati Reds","Colorado Rockies","Final","Colorado Rockies","Cincinnati Reds",0.5993,0.4007,"401816166","3","10","44-53","40-60",0.466,0.372,0.404,0.405,-0.99,-1.09,4.19,4.7,5.18,5.79,NA,NA,"","","07:10 PM ET"
"2026-07-18","Tampa Bay Rays","Boston Red Sox","Final","Boston Red Sox","Tampa Bay Rays",0.5274,0.4726,"401816160","6","7","56-41","49-48",0.601,0.544,0.542,0.563,0.4,0.57,4.51,4.42,4.11,3.85,NA,NA,"","","08:10 PM ET"
"2026-07-18","Texas Rangers","Atlanta Braves","Final","Texas Rangers","Atlanta Braves",0.3412,0.6588,"401816161","7","6","50-48","56-41",0.486,0.591,0.465,0.587,-0.33,0.81,4.13,4.62,4.46,3.81,NA,NA,"","","08:10 PM ET"
"2026-07-18","Baltimore Orioles","Houston Astros","Final","Baltimore Orioles","Houston Astros",0.4341,0.5659,"401816162","4","2","48-51","47-53",0.483,0.503,0.481,0.471,-0.19,-0.29,4.5,4.46,4.69,4.75,NA,NA,"","","08:10 PM ET"
"2026-07-18","Miami Marlins","Milwaukee Brewers","Final","Milwaukee Brewers","Milwaukee Brewers",0.3245,0.6755,"401816163","6","8","52-47","61-37",0.49,0.624,0.503,0.63,0.03,1.32,4.43,5.2,4.4,3.89,NA,NA,"","","08:10 PM ET"
"2026-07-18","San Diego Padres","Kansas City Royals","Final","Kansas City Royals","San Diego Padres",0.5913,0.4087,"401816165","1","6","48-50","40-59",0.541,0.443,0.515,0.439,0.14,-0.61,4.28,4.25,4.14,4.86,NA,NA,"","","08:10 PM ET"
"2026-07-18","St. Louis Cardinals","Arizona Diamondbacks","Final","Arizona Diamondbacks","Arizona Diamondbacks",0.4028,0.5972,"401816169","3","5","51-46","50-48",0.493,0.534,0.495,0.505,-0.05,0.05,4.56,4.44,4.61,4.39,NA,NA,"","","08:10 PM ET"
"2026-07-18","San Francisco Giants","Seattle Mariners","Final","Seattle Mariners","Seattle Mariners",0.3882,0.6118,"401816168","3","4","42-56","49-50",0.416,0.466,0.449,0.445,-0.5,-0.51,4.21,3.96,4.72,4.47,NA,NA,"","","12:08 AM ET"
"2026-07-18","Washington Nationals","Athletics","Final","Athletics","Athletics",0.4973,0.5027,"401816170","1","15","49-50","42-56",0.46,0.405,0.501,0.386,0.01,-1.26,5.11,4.37,5.09,5.63,NA,NA,"","","02:05 AM ET"
"2026-07-18","Detroit Tigers","Los Angeles Angels","Final","Detroit Tigers","Detroit Tigers",0.5659,0.4341,"401816167","7","0","46-52","38-61",0.466,0.378,0.546,0.446,0.43,-0.51,4.45,4.05,4.02,4.55,NA,NA,"","","02:07 AM ET"
"2026-07-19","Chicago White Sox","Toronto Blue Jays","Final","Chicago White Sox","Toronto Blue Jays",0.4519,0.5481,"401816171","3","0","52-46","46-53",0.51,0.497,0.524,0.472,0.24,-0.26,4.68,4.03,4.44,4.28,NA,NA,"","","04:15 PM ET"
"2026-07-19","Los Angeles Dodgers","New York Yankees","Final","Los Angeles Dodgers","New York Yankees",0.4842,0.5158,"401897386","8","2","63-36","54-44",0.608,0.574,0.619,0.591,1.16,0.83,4.98,4.56,3.82,3.73,NA,NA,"","","04:35 PM ET"
"2026-07-19","New York Mets","Philadelphia Phillies","Final","New York Mets","Philadelphia Phillies",0.3589,0.6411,"401816173","6","1","42-58","55-45",0.466,0.55,0.478,0.518,-0.22,0.17,4.34,4.47,4.56,4.3,NA,NA,"","","05:35 PM ET"
"2026-07-19","Tampa Bay Rays","Boston Red Sox","Final","Boston Red Sox","Tampa Bay Rays",0.5274,0.4726,"401816175","1","6","56-42","50-48",0.601,0.544,0.542,0.563,0.4,0.57,4.51,4.42,4.11,3.85,NA,NA,"","","05:35 PM ET"
"2026-07-19","Texas Rangers","Atlanta Braves","Final","Atlanta Braves","Atlanta Braves",0.3412,0.6588,"401816176","5","8","50-49","57-41",0.486,0.591,0.465,0.587,-0.33,0.81,4.13,4.62,4.46,3.81,NA,NA,"","","05:35 PM ET"
"2026-07-19","Pittsburgh Pirates","Cleveland Guardians","Final","Pittsburgh Pirates","Cleveland Guardians",0.4216,0.5784,"401816174","7","1","52-48","52-48",0.497,0.503,0.516,0.49,0.17,-0.09,4.79,4.07,4.62,4.16,NA,NA,"","","05:40 PM ET"
"2026-07-19","Baltimore Orioles","Houston Astros","Final","Baltimore Orioles","Houston Astros",0.4341,0.5659,"401816177","5","2","49-51","47-54",0.483,0.503,0.481,0.471,-0.19,-0.29,4.5,4.46,4.69,4.75,NA,NA,"","","06:10 PM ET"
"2026-07-19","Miami Marlins","Milwaukee Brewers","Final","Milwaukee Brewers","Milwaukee Brewers",0.3245,0.6755,"401816178","1","3","52-48","62-37",0.49,0.624,0.503,0.63,0.03,1.32,4.43,5.2,4.4,3.89,NA,NA,"","","06:10 PM ET"
"2026-07-19","San Diego Padres","Kansas City Royals","Final","San Diego Padres","San Diego Padres",0.5913,0.4087,"401816180","19","2","49-50","40-60",0.541,0.443,0.515,0.439,0.14,-0.61,4.28,4.25,4.14,4.86,NA,NA,"","","06:10 PM ET"
"2026-07-19","Minnesota Twins","Chicago Cubs","Final","Chicago Cubs","Chicago Cubs",0.3863,0.6137,"401816179","1","10","49-51","56-43",0.473,0.557,0.465,0.587,-0.37,0.93,4.6,5.34,4.97,4.41,NA,NA,"","","06:20 PM ET"
"2026-07-19","Cincinnati Reds","Colorado Rockies","Final","Cincinnati Reds","Cincinnati Reds",0.5993,0.4007,"401816181","9","6","45-53","40-61",0.466,0.372,0.404,0.405,-0.99,-1.09,4.19,4.7,5.18,5.79,NA,NA,"","","07:10 PM ET"
"2026-07-19","Washington Nationals","Athletics","Final","Washington Nationals","Athletics",0.4973,0.5027,"401816185","5","2","50-50","42-57",0.46,0.405,0.501,0.386,0.01,-1.26,5.11,4.37,5.09,5.63,NA,NA,"","","08:05 PM ET"
"2026-07-19","Detroit Tigers","Los Angeles Angels","Final","Los Angeles Angels","Detroit Tigers",0.5659,0.4341,"401816182","2","3","46-53","39-61",0.466,0.378,0.546,0.446,0.43,-0.51,4.45,4.05,4.02,4.55,NA,NA,"","","08:07 PM ET"
"2026-07-19","San Francisco Giants","Seattle Mariners","Final","Seattle Mariners","Seattle Mariners",0.3882,0.6118,"401816183","3","6","42-57","50-50",0.416,0.466,0.449,0.445,-0.5,-0.51,4.21,3.96,4.72,4.47,NA,NA,"","","08:10 PM ET"
"2026-07-19","St. Louis Cardinals","Arizona Diamondbacks","Final","Arizona Diamondbacks","Arizona Diamondbacks",0.4028,0.5972,"401816184","7","8","51-47","51-48",0.493,0.534,0.495,0.505,-0.05,0.05,4.56,4.44,4.61,4.39,NA,NA,"","","08:10 PM ET"
"2026-07-20","Minnesota Twins","Cleveland Guardians","Final","Cleveland Guardians","Cleveland Guardians",0.3989,0.6011,"401816188","4","13","49-52","53-48",0.473,0.503,0.465,0.49,-0.37,-0.09,4.6,4.07,4.97,4.16,NA,NA,"","","10:40 PM ET"
"2026-07-20","Los Angeles Dodgers","Philadelphia Phillies","Final","Philadelphia Phillies","Los Angeles Dodgers",0.5197,0.4803,"401816187","7","10","63-38","56-45",0.608,0.55,0.619,0.518,1.16,0.17,4.98,4.47,3.82,4.3,NA,NA,"","","11:00 PM ET"
"2026-07-20","Pittsburgh Pirates","New York Yankees","Final","New York Yankees","New York Yankees",0.3454,0.6546,"401816189","5","8","52-49","56-44",0.497,0.574,0.516,0.591,0.17,0.83,4.79,4.56,4.62,3.73,NA,NA,"","","11:05 PM ET"
"2026-07-20","Tampa Bay Rays","Toronto Blue Jays","Final","Tampa Bay Rays","Tampa Bay Rays",0.5798,0.4202,"401816191","7","1","57-42","46-54",0.601,0.497,0.542,0.472,0.4,-0.26,4.51,4.03,4.11,4.28,NA,NA,"","","11:07 PM ET"
"2026-07-20","Baltimore Orioles","Boston Red Sox","Final","Boston Red Sox","Boston Red Sox",0.3724,0.6276,"401816186","5","6","49-52","51-48",0.483,0.544,0.481,0.563,-0.19,0.57,4.5,4.42,4.69,3.85,NA,NA,"","","11:10 PM ET"
"2026-07-20","San Diego Padres","Atlanta Braves","Final","Atlanta Braves","Atlanta Braves",0.4059,0.5941,"401816190","2","3","49-51","58-41",0.541,0.591,0.515,0.587,0.14,0.81,4.28,4.62,4.14,3.81,NA,NA,"","","11:15 PM ET"
"2026-07-20","New York Mets","Milwaukee Brewers","Final","Milwaukee Brewers","Milwaukee Brewers",0.3,0.7,"401816195","3","8","42-59","63-37",0.466,0.624,0.478,0.63,-0.22,1.32,4.34,5.2,4.56,3.89,NA,NA,"","","11:40 PM ET"
"2026-07-20","San Francisco Giants","Kansas City Royals","Final","Kansas City Royals","Kansas City Royals",0.4283,0.5717,"401816196","3","4","42-58","41-60",0.416,0.443,0.449,0.439,-0.5,-0.61,4.21,4.25,4.72,4.86,NA,NA,"","","11:40 PM ET"
"2026-07-20","Chicago White Sox","Texas Rangers","Final","Chicago White Sox","Texas Rangers",0.4712,0.5288,"401816192","10","3","53-46","50-50",0.51,0.486,0.524,0.465,0.24,-0.33,4.68,4.13,4.44,4.46,NA,NA,"","","12:05 AM ET"
"2026-07-20","Detroit Tigers","Chicago Cubs","Final","Detroit Tigers","Chicago Cubs",0.3894,0.6106,"401816193","8","6","47-53","56-44",0.466,0.557,0.546,0.587,0.43,0.93,4.45,5.34,4.02,4.41,NA,NA,"","","12:05 AM ET"
"2026-07-20","Miami Marlins","Houston Astros","Final","Houston Astros","Houston Astros",0.4476,0.5524,"401816194","5","8","52-49","48-54",0.49,0.503,0.503,0.471,0.03,-0.29,4.43,4.46,4.4,4.75,NA,NA,"","","12:10 AM ET"
"2026-07-20","Washington Nationals","Colorado Rockies","Final","Washington Nationals","Washington Nationals",0.5532,0.4468,"401816197","7","3","51-50","40-62",0.46,0.372,0.501,0.405,0.01,-1.09,5.11,4.7,5.09,5.79,NA,NA,"","","12:40 AM ET"
"2026-07-20","Athletics","Arizona Diamondbacks","Final","Athletics","Arizona Diamondbacks",0.3073,0.6927,"401816198","5","2","43-57","51-49",0.405,0.534,0.386,0.505,-1.26,0.05,4.37,4.44,5.63,4.39,NA,NA,"","","01:40 AM ET"
"2026-07-20","Cincinnati Reds","Seattle Mariners","Final","Seattle Mariners","Seattle Mariners",0.4523,0.5477,"401816199","0","8","45-54","51-50",0.466,0.466,0.404,0.445,-0.99,-0.51,4.19,3.96,5.18,4.47,NA,NA,"","","01:40 AM ET"
"2026-07-20","St. Louis Cardinals","Los Angeles Angels","Final","Los Angeles Angels","St. Louis Cardinals",0.5905,0.4095,"401816200","2","3","51-48","40-61",0.493,0.378,0.495,0.446,-0.05,-0.51,4.56,4.05,4.61,4.55,NA,NA,"","","02:00 AM ET"
"2026-07-21","Los Angeles Dodgers","Philadelphia Phillies","Final","Los Angeles Dodgers","Los Angeles Dodgers",0.5197,0.4803,"401816202","2","1","64-38","56-46",0.608,0.55,0.619,0.518,1.16,0.17,4.98,4.47,3.82,4.3,NA,NA,"","","10:40 PM ET"
"2026-07-21","Minnesota Twins","Cleveland Guardians","Final","Cleveland Guardians","Cleveland Guardians",0.3989,0.6011,"401816203","2","5","49-53","54-48",0.473,0.503,0.465,0.49,-0.37,-0.09,4.6,4.07,4.97,4.16,NA,NA,"","","10:40 PM ET"
"2026-07-21","Tampa Bay Rays","Toronto Blue Jays","Final","Tampa Bay Rays","Tampa Bay Rays",0.5798,0.4202,"401816206","12","2","58-42","46-55",0.601,0.497,0.542,0.472,0.4,-0.26,4.51,4.03,4.11,4.28,NA,NA,"","","11:07 PM ET"
"2026-07-21","San Diego Padres","Atlanta Braves","Final","San Diego Padres","Atlanta Braves",0.4059,0.5941,"401816205","8","3","50-51","58-42",0.541,0.591,0.515,0.587,0.14,0.81,4.28,4.62,4.14,3.81,NA,NA,"","","11:15 PM ET"
"2026-07-21","New York Mets","Milwaukee Brewers","Final","New York Mets","Milwaukee Brewers",0.3,0.7,"401816210","4","0","43-59","63-38",0.466,0.624,0.478,0.63,-0.22,1.32,4.34,5.2,4.56,3.89,NA,NA,"","","11:40 PM ET"
"2026-07-21","San Francisco Giants","Kansas City Royals","Final","Kansas City Royals","Kansas City Royals",0.4283,0.5717,"401816211","2","3","42-59","42-60",0.416,0.443,0.449,0.439,-0.5,-0.61,4.21,4.25,4.72,4.86,NA,NA,"","","11:40 PM ET"
"2026-07-21","Chicago White Sox","Texas Rangers","Final","Texas Rangers","Texas Rangers",0.4712,0.5288,"401816207","0","10","53-47","51-50",0.51,0.486,0.524,0.465,0.24,-0.33,4.68,4.13,4.44,4.46,NA,NA,"","","12:05 AM ET"
"2026-07-21","Detroit Tigers","Chicago Cubs","Final","Chicago Cubs","Chicago Cubs",0.3894,0.6106,"401816208","2","11","47-54","57-44",0.466,0.557,0.546,0.587,0.43,0.93,4.45,5.34,4.02,4.41,NA,NA,"","","12:05 AM ET"
"2026-07-21","Miami Marlins","Houston Astros","Final","Houston Astros","Houston Astros",0.4476,0.5524,"401816209","3","5","52-50","49-54",0.49,0.503,0.503,0.471,0.03,-0.29,4.43,4.46,4.4,4.75,NA,NA,"","","12:10 AM ET"
"2026-07-21","Washington Nationals","Colorado Rockies","Final","Colorado Rockies","Washington Nationals",0.5532,0.4468,"401816212","7","8","51-51","41-62",0.46,0.372,0.501,0.405,0.01,-1.09,5.11,4.7,5.09,5.79,NA,NA,"","","12:40 AM ET"
"2026-07-21","St. Louis Cardinals","Los Angeles Angels","Final","Los Angeles Angels","St. Louis Cardinals",0.5905,0.4095,"401816215","1","5","51-49","41-61",0.493,0.378,0.495,0.446,-0.05,-0.51,4.56,4.05,4.61,4.55,NA,NA,"","","01:38 AM ET"
"2026-07-21","Athletics","Arizona Diamondbacks","Final","Arizona Diamondbacks","Arizona Diamondbacks",0.3073,0.6927,"401816213","5","6","43-58","52-49",0.405,0.534,0.386,0.505,-1.26,0.05,4.37,4.44,5.63,4.39,NA,NA,"","","01:40 AM ET"
"2026-07-21","Cincinnati Reds","Seattle Mariners","Final","Cincinnati Reds","Seattle Mariners",0.4523,0.5477,"401816214","4","2","46-54","51-51",0.466,0.466,0.404,0.445,-0.99,-0.51,4.19,3.96,5.18,4.47,NA,NA,"","","01:40 AM ET"
"2026-07-22","Pittsburgh Pirates","New York Yankees","Final","Pittsburgh Pirates","New York Yankees",0.3454,0.6546,"401816219","5","3","53-49","56-45",0.497,0.574,0.516,0.591,0.17,0.83,4.79,4.56,4.62,3.73,NA,NA,"","","05:05 PM ET"
"2026-07-22","Baltimore Orioles","Boston Red Sox","Final","Boston Red Sox","Boston Red Sox",0.3724,0.6276,"401898715","3","6","49-53","52-48",0.483,0.544,0.481,0.563,-0.19,0.57,4.5,4.42,4.69,3.85,NA,NA,"","","05:35 PM ET"
"2026-07-22","New York Mets","Milwaukee Brewers","Final","Milwaukee Brewers","Milwaukee Brewers",0.3,0.7,"401816225","3","4","43-60","64-38",0.466,0.624,0.478,0.63,-0.22,1.32,4.34,5.2,4.56,3.89,NA,NA,"","","06:10 PM ET"
"2026-07-22","San Francisco Giants","Kansas City Royals","Final","Kansas City Royals","Kansas City Royals",0.4283,0.5717,"401816226","4","5","42-60","43-60",0.416,0.443,0.449,0.439,-0.5,-0.61,4.21,4.25,4.72,4.86,NA,NA,"","","06:10 PM ET"
"2026-07-22","Washington Nationals","Colorado Rockies","Final","Washington Nationals","Washington Nationals",0.5532,0.4468,"401816227","8","0","52-51","41-63",0.46,0.372,0.501,0.405,0.01,-1.09,5.11,4.7,5.09,5.79,NA,NA,"","","07:10 PM ET"
"2026-07-22","Athletics","Arizona Diamondbacks","Final","Arizona Diamondbacks","Arizona Diamondbacks",0.3073,0.6927,"401816228","5","15","43-59","53-49",0.405,0.534,0.386,0.505,-1.26,0.05,4.37,4.44,5.63,4.39,NA,NA,"","","07:40 PM ET"
"2026-07-22","Cincinnati Reds","Seattle Mariners","Final","Cincinnati Reds","Seattle Mariners",0.4523,0.5477,"401816229","5","3","47-54","51-52",0.466,0.466,0.404,0.445,-0.99,-0.51,4.19,3.96,5.18,4.47,NA,NA,"","","07:40 PM ET"
"2026-07-22","St. Louis Cardinals","Los Angeles Angels","Final","St. Louis Cardinals","St. Louis Cardinals",0.5905,0.4095,"401816230","1","0","52-49","41-62",0.493,0.378,0.495,0.446,-0.05,-0.51,4.56,4.05,4.61,4.55,NA,NA,"","","08:07 PM ET"
"2026-07-22","Los Angeles Dodgers","Philadelphia Phillies","Final","Los Angeles Dodgers","Los Angeles Dodgers",0.5197,0.4803,"401816217","9","5","65-38","56-47",0.608,0.55,0.619,0.518,1.16,0.17,4.98,4.47,3.82,4.3,NA,NA,"","","10:40 PM ET"
"2026-07-22","Minnesota Twins","Cleveland Guardians","Final","Minnesota Twins","Cleveland Guardians",0.3989,0.6011,"401816218","10","6","50-53","54-49",0.473,0.503,0.465,0.49,-0.37,-0.09,4.6,4.07,4.97,4.16,NA,NA,"","","10:40 PM ET"
"2026-07-22","Tampa Bay Rays","Toronto Blue Jays","Final","Tampa Bay Rays","Tampa Bay Rays",0.5798,0.4202,"401816221","4","2","59-42","46-56",0.601,0.497,0.542,0.472,0.4,-0.26,4.51,4.03,4.11,4.28,NA,NA,"","","11:07 PM ET"
"2026-07-22","San Diego Padres","Atlanta Braves","Final","Atlanta Braves","Atlanta Braves",0.4059,0.5941,"401816220","6","7","50-52","59-42",0.541,0.591,0.515,0.587,0.14,0.81,4.28,4.62,4.14,3.81,NA,NA,"","","11:15 PM ET"
"2026-07-22","Detroit Tigers","Chicago Cubs","Final","Detroit Tigers","Chicago Cubs",0.3894,0.6106,"401816223","5","1","48-54","57-45",0.466,0.557,0.546,0.587,0.43,0.93,4.45,5.34,4.02,4.41,NA,NA,"","","12:00 AM ET"
"2026-07-22","Chicago White Sox","Texas Rangers","Final","Chicago White Sox","Texas Rangers",0.4712,0.5288,"401816222","4","2","54-47","51-51",0.51,0.486,0.524,0.465,0.24,-0.33,4.68,4.13,4.44,4.46,NA,NA,"","","12:05 AM ET"
"2026-07-22","Miami Marlins","Houston Astros","Final","Houston Astros","Houston Astros",0.4476,0.5524,"401816224","2","5","52-51","50-54",0.49,0.503,0.503,0.471,0.03,-0.29,4.43,4.46,4.4,4.75,NA,NA,"","","12:10 AM ET"
"2026-07-23","San Diego Padres","Atlanta Braves","Final","Atlanta Braves","Atlanta Braves",0.4059,0.5941,"401816233","5","6","50-53","60-42",0.541,0.591,0.515,0.587,0.14,0.81,4.28,4.62,4.14,3.81,NA,NA,"","","04:15 PM ET"
"2026-07-23","Minnesota Twins","Cleveland Guardians","Final","Minnesota Twins","Cleveland Guardians",0.3989,0.6011,"401816232","3","1","51-53","54-50",0.473,0.503,0.465,0.49,-0.37,-0.09,4.6,4.07,4.97,4.16,NA,NA,"","","05:10 PM ET"
"2026-07-23","Tampa Bay Rays","Toronto Blue Jays","Final","Toronto Blue Jays","Tampa Bay Rays",0.5798,0.4202,"401816234","1","3","59-43","47-56",0.601,0.497,0.542,0.472,0.4,-0.26,4.51,4.03,4.11,4.28,NA,NA,"","","07:07 PM ET"
"2026-07-23","Arizona Diamondbacks","St. Louis Cardinals","Final","Arizona Diamondbacks","Arizona Diamondbacks",0.5207,0.4793,"401881162","10","6","54-49","52-50",0.534,0.493,0.505,0.495,0.05,-0.05,4.44,4.56,4.39,4.61,NA,NA,"","","09:15 PM ET"
"2026-07-23","Kansas City Royals","Detroit Tigers","Final","Detroit Tigers","Detroit Tigers",0.4329,0.5671,"401816231","3","4","43-61","49-54",0.443,0.466,0.439,0.546,-0.61,0.43,4.25,4.45,4.86,4.02,NA,NA,"","","10:40 PM ET"
"2026-07-24","Colorado Rockies","Milwaukee Brewers","Final","Colorado Rockies","Milwaukee Brewers",0.1999,0.8001,"401816246","5","2","42-63","64-39",0.372,0.624,0.405,0.63,-1.09,1.32,4.7,5.2,5.79,3.89,NA,NA,"","","08:10 PM ET"
"2026-07-24","Chicago Cubs","Pittsburgh Pirates","Final","Chicago Cubs","Chicago Cubs",0.5144,0.4856,"401816237","3","2","58-45","53-51",0.557,0.497,0.587,0.516,0.93,0.17,5.34,4.79,4.41,4.62,NA,NA,"","","10:40 PM ET"
"2026-07-24","Kansas City Royals","Detroit Tigers","Final","Detroit Tigers","Detroit Tigers",0.4329,0.5671,"401816239","1","2","43-62","50-54",0.443,0.466,0.439,0.546,-0.61,0.43,4.25,4.45,4.86,4.02,NA,NA,"","","10:40 PM ET"
"2026-07-24","Arizona Diamondbacks","Washington Nationals","Final","Arizona Diamondbacks","Arizona Diamondbacks",0.5882,0.4118,"401816235","3","2","55-49","52-52",0.534,0.46,0.505,0.501,0.05,0.01,4.44,5.11,4.39,5.09,NA,NA,"","","10:45 PM ET"
"2026-07-24","New York Yankees","Philadelphia Phillies","Final","New York Yankees","Philadelphia Phillies",0.4966,0.5034,"401816241","1","0","58-45","56-48",0.574,0.55,0.591,0.518,0.83,0.17,4.56,4.47,3.73,4.3,NA,NA,"","","10:45 PM ET"
"2026-07-24","Atlanta Braves","Baltimore Orioles","Final","Atlanta Braves","Atlanta Braves",0.6043,0.3957,"401816236","7","6","61-42","50-54",0.591,0.483,0.587,0.481,0.81,-0.19,4.62,4.5,3.81,4.69,NA,NA,"","","11:05 PM ET"
"2026-07-24","Cleveland Guardians","Tampa Bay Rays","Final","Tampa Bay Rays","Tampa Bay Rays",0.3537,0.6463,"401816238","3","11","54-51","60-43",0.503,0.601,0.49,0.542,-0.09,0.4,4.07,4.51,4.16,4.11,NA,NA,"","","11:10 PM ET"
"2026-07-24","Los Angeles Dodgers","New York Mets","Final","Los Angeles Dodgers","Los Angeles Dodgers",0.6233,0.3767,"401816240","4","2","66-38","43-61",0.608,0.466,0.619,0.478,1.16,-0.22,4.98,4.34,3.82,4.56,NA,NA,"","","11:10 PM ET"
"2026-07-24","San Diego Padres","Miami Marlins","Final","San Diego Padres","San Diego Padres",0.5358,0.4642,"401816242","4","2","51-53","52-52",0.541,0.49,0.515,0.503,0.14,0.03,4.28,4.43,4.14,4.4,NA,NA,"","","11:10 PM ET"
"2026-07-24","Toronto Blue Jays","Boston Red Sox","Final","Boston Red Sox","Boston Red Sox",0.4091,0.5909,"401816243","4","6","47-57","53-49",0.497,0.544,0.472,0.563,-0.26,0.57,4.03,4.42,4.28,3.85,NA,NA,"","","11:15 PM ET"
"2026-07-24","Houston Astros","Chicago White Sox","Final","Houston Astros","Chicago White Sox",0.4593,0.5407,"401816247","9","5","51-54","54-48",0.503,0.51,0.471,0.524,-0.29,0.24,4.46,4.68,4.75,4.44,NA,NA,"","","11:40 PM ET"
"2026-07-24","Seattle Mariners","Texas Rangers","Final","Texas Rangers","Texas Rangers",0.4409,0.5591,"401816248","4","5","51-53","52-51",0.466,0.486,0.445,0.465,-0.51,-0.33,3.96,4.13,4.47,4.46,NA,NA,"","","12:05 AM ET"
"2026-07-24","Athletics","Minnesota Twins","Final","Athletics","Minnesota Twins",0.3869,0.6131,"401816244","2","0","44-59","51-54",0.405,0.473,0.386,0.465,-1.26,-0.37,4.37,4.6,5.63,4.97,NA,NA,"","","12:10 AM ET"
"2026-07-24","Cincinnati Reds","St. Louis Cardinals","Final","Cincinnati Reds","St. Louis Cardinals",0.4402,0.5598,"401816245","4","2","48-54","52-51",0.466,0.493,0.404,0.495,-0.99,-0.05,4.19,4.56,5.18,4.61,NA,NA,"","","12:15 AM ET"
"2026-07-24","Los Angeles Angels","San Francisco Giants","Final","San Francisco Giants","San Francisco Giants",0.4185,0.5815,"401816249","6","7","41-63","43-60",0.378,0.416,0.446,0.449,-0.51,-0.5,4.05,4.21,4.55,4.72,NA,NA,"","","02:15 AM ET"
"2026-07-25","Kansas City Royals","Detroit Tigers","Final","Kansas City Royals","Detroit Tigers",0.4329,0.5671,"401816254","3","2","44-62","50-55",0.443,0.466,0.439,0.546,-0.61,0.43,4.25,4.45,4.86,4.02,NA,NA,"","","05:10 PM ET"
"2026-07-25","Arizona Diamondbacks","Washington Nationals","Final","Washington Nationals","Arizona Diamondbacks",0.5882,0.4118,"401816250","3","5","55-50","53-52",0.534,0.46,0.505,0.501,0.05,0.01,4.44,5.11,4.39,5.09,NA,NA,"","","08:05 PM ET"
"2026-07-25","Los Angeles Angels","San Francisco Giants","Final","San Francisco Giants","San Francisco Giants",0.4185,0.5815,"401816264","2","9","41-64","44-60",0.378,0.416,0.446,0.449,-0.51,-0.5,4.05,4.21,4.55,4.72,NA,NA,"","","08:05 PM ET"
"2026-07-25","San Diego Padres","Miami Marlins","Final","San Diego Padres","San Diego Padres",0.5358,0.4642,"401816257","7","2","52-53","52-53",0.541,0.49,0.515,0.503,0.14,0.03,4.28,4.43,4.14,4.4,NA,NA,"","","08:10 PM ET"
"2026-07-25","Toronto Blue Jays","Boston Red Sox","Final","Toronto Blue Jays","Boston Red Sox",0.4091,0.5909,"401816258","6","0","48-57","53-50",0.497,0.544,0.472,0.563,-0.26,0.57,4.03,4.42,4.28,3.85,NA,NA,"","","08:10 PM ET"
"2026-07-25","New York Yankees","Philadelphia Phillies","Final","New York Yankees","Philadelphia Phillies",0.4966,0.5034,"401816256","3","1","59-45","56-49",0.574,0.55,0.591,0.518,0.83,0.17,4.56,4.47,3.73,4.3,NA,NA,"","","10:05 PM ET"
"2026-07-25","Cleveland Guardians","Tampa Bay Rays","Final","Tampa Bay Rays","Tampa Bay Rays",0.3537,0.6463,"401816253","0","3","54-52","61-43",0.503,0.601,0.49,0.542,-0.09,0.4,4.07,4.51,4.16,4.11,NA,NA,"","","10:10 PM ET"
"2026-07-25","Chicago Cubs","Pittsburgh Pirates","Final","Chicago Cubs","Chicago Cubs",0.5144,0.4856,"401816252","11","0","59-45","53-52",0.557,0.497,0.587,0.516,0.93,0.17,5.34,4.79,4.41,4.62,NA,NA,"","","10:40 PM ET"
"2026-07-25","Atlanta Braves","Baltimore Orioles","Final","Baltimore Orioles","Atlanta Braves",0.6043,0.3957,"401816251","2","3","61-43","51-54",0.591,0.483,0.587,0.481,0.81,-0.19,4.62,4.5,3.81,4.69,NA,NA,"","","11:05 PM ET"
"2026-07-25","Athletics","Minnesota Twins","Final","Minnesota Twins","Minnesota Twins",0.3869,0.6131,"401816259","0","2","44-60","52-54",0.405,0.473,0.386,0.465,-1.26,-0.37,4.37,4.6,5.63,4.97,NA,NA,"","","11:10 PM ET"
"2026-07-25","Colorado Rockies","Milwaukee Brewers","Final","Milwaukee Brewers","Milwaukee Brewers",0.1999,0.8001,"401816261","5","8","42-64","65-39",0.372,0.624,0.405,0.63,-1.09,1.32,4.7,5.2,5.79,3.89,NA,NA,"","","11:10 PM ET"
"2026-07-25","Houston Astros","Chicago White Sox","Final","Houston Astros","Chicago White Sox",0.4593,0.5407,"401816262","4","1","52-54","54-49",0.503,0.51,0.471,0.524,-0.29,0.24,4.46,4.68,4.75,4.44,NA,NA,"","","11:10 PM ET"
"2026-07-25","Los Angeles Dodgers","New York Mets","Final","Los Angeles Dodgers","Los Angeles Dodgers",0.6233,0.3767,"401816255","4","3","67-38","43-62",0.608,0.466,0.619,0.478,1.16,-0.22,4.98,4.34,3.82,4.56,NA,NA,"","","11:15 PM ET"
"2026-07-25","Cincinnati Reds","St. Louis Cardinals","Final","St. Louis Cardinals","St. Louis Cardinals",0.4402,0.5598,"401816260","0","7","48-55","53-51",0.466,0.493,0.404,0.495,-0.99,-0.05,4.19,4.56,5.18,4.61,NA,NA,"","","11:15 PM ET"
"2026-07-25","Seattle Mariners","Texas Rangers","Final","Texas Rangers","Texas Rangers",0.4409,0.5591,"401816263","1","7","51-54","53-51",0.466,0.486,0.445,0.465,-0.51,-0.33,3.96,4.13,4.47,4.46,NA,NA,"","","11:15 PM ET"
"2026-07-26","Cleveland Guardians","Tampa Bay Rays","Final","Tampa Bay Rays","Tampa Bay Rays",0.3537,0.6463,"401816268","0","1","54-53","62-43",0.503,0.601,0.49,0.542,-0.09,0.4,4.07,4.51,4.16,4.11,NA,NA,"","","04:15 PM ET"
"2026-07-26","Arizona Diamondbacks","Washington Nationals","Final","Washington Nationals","Arizona Diamondbacks",0.5882,0.4118,"401816265","7","10","55-51","54-52",0.534,0.46,0.505,0.501,0.05,0.01,4.44,5.11,4.39,5.09,NA,NA,"","","05:35 PM ET"
"2026-07-26","Atlanta Braves","Baltimore Orioles","Final","Atlanta Braves","Atlanta Braves",0.6043,0.3957,"401816266","3","2","62-43","51-55",0.591,0.483,0.587,0.481,0.81,-0.19,4.62,4.5,3.81,4.69,NA,NA,"","","05:35 PM ET"
"2026-07-26","Chicago Cubs","Pittsburgh Pirates","Final","Pittsburgh Pirates","Chicago Cubs",0.5144,0.4856,"401816267","7","8","59-46","54-52",0.557,0.497,0.587,0.516,0.93,0.17,5.34,4.79,4.41,4.62,NA,NA,"","","05:35 PM ET"
"2026-07-26","Toronto Blue Jays","Boston Red Sox","Final","Boston Red Sox","Boston Red Sox",0.4091,0.5909,"401816273","1","6","48-58","54-50",0.497,0.544,0.472,0.563,-0.26,0.57,4.03,4.42,4.28,3.85,NA,NA,"","","05:35 PM ET"
"2026-07-26","Kansas City Royals","Detroit Tigers","Final","Kansas City Royals","Detroit Tigers",0.4329,0.5671,"401816269","5","4","45-62","50-56",0.443,0.466,0.439,0.546,-0.61,0.43,4.25,4.45,4.86,4.02,NA,NA,"","","05:40 PM ET"
"2026-07-26","Los Angeles Dodgers","New York Mets","Final","New York Mets","Los Angeles Dodgers",0.6233,0.3767,"401816270","3","8","67-39","44-62",0.608,0.466,0.619,0.478,1.16,-0.22,4.98,4.34,3.82,4.56,NA,NA,"","","05:40 PM ET"
"2026-07-26","San Diego Padres","Miami Marlins","Final","San Diego Padres","San Diego Padres",0.5358,0.4642,"401816272","5","3","53-53","52-54",0.541,0.49,0.515,0.503,0.14,0.03,4.28,4.43,4.14,4.4,NA,NA,"","","05:40 PM ET"
"2026-07-26","Athletics","Minnesota Twins","Final","Minnesota Twins","Minnesota Twins",0.3869,0.6131,"401816274","8","11","44-61","53-54",0.405,0.473,0.386,0.465,-1.26,-0.37,4.37,4.6,5.63,4.97,NA,NA,"","","06:10 PM ET"
"2026-07-26","Colorado Rockies","Milwaukee Brewers","Final","Milwaukee Brewers","Milwaukee Brewers",0.1999,0.8001,"401816276","2","11","42-65","66-39",0.372,0.624,0.405,0.63,-1.09,1.32,4.7,5.2,5.79,3.89,NA,NA,"","","06:10 PM ET"
"2026-07-26","Houston Astros","Chicago White Sox","Final","Chicago White Sox","Chicago White Sox",0.4593,0.5407,"401816277","3","12","52-55","55-49",0.503,0.51,0.471,0.524,-0.29,0.24,4.46,4.68,4.75,4.44,NA,NA,"","","06:10 PM ET"
"2026-07-26","Cincinnati Reds","St. Louis Cardinals","Final","Cincinnati Reds","St. Louis Cardinals",0.4402,0.5598,"401816275","5","3","49-55","53-52",0.466,0.493,0.404,0.495,-0.99,-0.05,4.19,4.56,5.18,4.61,NA,NA,"","","06:15 PM ET"
"2026-07-26","Seattle Mariners","Texas Rangers","Final","Seattle Mariners","Texas Rangers",0.4409,0.5591,"401816278","6","4","52-54","53-52",0.466,0.486,0.445,0.465,-0.51,-0.33,3.96,4.13,4.47,4.46,NA,NA,"","","06:35 PM ET"
"2026-07-26","Los Angeles Angels","San Francisco Giants","Final","Los Angeles Angels","San Francisco Giants",0.4185,0.5815,"401816279","4","3","42-64","44-61",0.378,0.416,0.446,0.449,-0.51,-0.5,4.05,4.21,4.55,4.72,NA,NA,"","","08:05 PM ET"
"2026-07-26","New York Yankees","Philadelphia Phillies","Final","Philadelphia Phillies","Philadelphia Phillies",0.4966,0.5034,"401816271","4","11","59-46","57-49",0.574,0.55,0.591,0.518,0.83,0.17,4.56,4.47,3.73,4.3,NA,NA,"","","11:20 PM ET"
"2026-07-27","Seattle Mariners","Texas Rangers","Final","Texas Rangers","Texas Rangers",0.4409,0.5591,"401816288","3","7","52-55","54-52",0.466,0.486,0.445,0.465,-0.51,-0.33,3.96,4.13,4.47,4.46,NA,NA,"","","06:35 PM ET"
"2026-07-27","Arizona Diamondbacks","Pittsburgh Pirates","Final","Pittsburgh Pirates","Arizona Diamondbacks",0.5257,0.4743,"401816280","2","3","55-52","55-52",0.534,0.497,0.505,0.516,0.05,0.17,4.44,4.79,4.39,4.62,NA,NA,"","","10:40 PM ET"
"2026-07-27","Baltimore Orioles","Detroit Tigers","Final","Baltimore Orioles","Detroit Tigers",0.4753,0.5247,"401816282","8","5","52-55","50-57",0.483,0.466,0.481,0.546,-0.19,0.43,4.5,4.45,4.69,4.02,NA,NA,"","","10:40 PM ET"
"2026-07-27","Philadelphia Phillies","Miami Marlins","Final","Miami Marlins","Philadelphia Phillies",0.5387,0.4613,"401816284","7","8","57-50","53-54",0.55,0.49,0.518,0.503,0.17,0.03,4.47,4.43,4.3,4.4,NA,NA,"","","10:40 PM ET"
"2026-07-27","Toronto Blue Jays","Washington Nationals","Final","Toronto Blue Jays","Toronto Blue Jays",0.5569,0.4431,"401816285","3","2","49-58","54-53",0.497,0.46,0.472,0.501,-0.26,0.01,4.03,5.11,4.28,5.09,NA,NA,"","","10:45 PM ET"
"2026-07-27","Atlanta Braves","New York Mets","Final","New York Mets","Atlanta Braves",0.6184,0.3816,"401816281","3","14","62-44","45-62",0.591,0.466,0.587,0.478,0.81,-0.22,4.62,4.34,3.81,4.56,NA,NA,"","","11:10 PM ET"
"2026-07-27","New York Yankees","Chicago White Sox","Final","New York Yankees","New York Yankees",0.5585,0.4415,"401816287","9","5","60-46","55-50",0.574,0.51,0.591,0.524,0.83,0.24,4.56,4.68,3.73,4.44,NA,NA,"","","11:40 PM ET"
"2026-07-27","Chicago Cubs","St. Louis Cardinals","Final","Chicago Cubs","Chicago Cubs",0.5094,0.4906,"401816286","7","3","60-46","53-53",0.557,0.493,0.587,0.495,0.93,-0.05,5.34,4.56,4.41,4.61,NA,NA,"","","11:45 PM ET"
"2026-07-27","Houston Astros","Los Angeles Angels","Final","Houston Astros","Houston Astros",0.6062,0.3938,"401816290","6","4","53-55","42-65",0.503,0.378,0.471,0.446,-0.29,-0.51,4.46,4.05,4.75,4.55,NA,NA,"","","01:38 AM ET"
"2026-07-27","Boston Red Sox","Athletics","Final","Boston Red Sox","Boston Red Sox",0.6423,0.3577,"401816289","4","2","55-50","44-62",0.544,0.405,0.563,0.386,0.57,-1.26,4.42,4.37,3.85,5.63,NA,NA,"","","01:40 AM ET"
"2026-07-27","Milwaukee Brewers","San Francisco Giants","Final","San Francisco Giants","Milwaukee Brewers",0.6859,0.3141,"401816291","0","3","66-40","45-61",0.624,0.416,0.63,0.449,1.32,-0.5,5.2,4.21,3.89,4.72,NA,NA,"","","01:45 AM ET"
"2026-07-28","Cleveland Guardians","Cincinnati Reds","Final","Cleveland Guardians","Cleveland Guardians",0.5175,0.4825,"401901849","6","5","55-53","49-56",0.503,0.466,0.49,0.404,-0.09,-0.99,4.07,4.19,4.16,5.18,NA,NA,"","","05:40 PM ET"
"2026-07-28","Arizona Diamondbacks","Pittsburgh Pirates","Final","Arizona Diamondbacks","Arizona Diamondbacks",0.5257,0.4743,"401816292","8","7","56-52","55-53",0.534,0.497,0.505,0.516,0.05,0.17,4.44,4.79,4.39,4.62,NA,NA,"","","10:40 PM ET"
"2026-07-28","Baltimore Orioles","Detroit Tigers","Final","Detroit Tigers","Detroit Tigers",0.4753,0.5247,"401816294","0","14","52-56","51-57",0.483,0.466,0.481,0.546,-0.19,0.43,4.5,4.45,4.69,4.02,NA,NA,"","","10:40 PM ET"
"2026-07-28","Philadelphia Phillies","Miami Marlins","Final","Miami Marlins","Philadelphia Phillies",0.5387,0.4613,"401816296","0","1","57-51","54-54",0.55,0.49,0.518,0.503,0.17,0.03,4.47,4.43,4.3,4.4,NA,NA,"","","10:40 PM ET"
"2026-07-28","Texas Rangers","Tampa Bay Rays","Final","Texas Rangers","Tampa Bay Rays",0.3294,0.6706,"401816297","4","1","55-52","62-44",0.486,0.601,0.465,0.542,-0.33,0.4,4.13,4.51,4.46,4.11,NA,NA,"","","10:40 PM ET"
"2026-07-28","Toronto Blue Jays","Washington Nationals","Final","Washington Nationals","Toronto Blue Jays",0.5569,0.4431,"401816298","6","8","49-59","55-53",0.497,0.46,0.472,0.501,-0.26,0.01,4.03,5.11,4.28,5.09,NA,NA,"","","10:45 PM ET"
"2026-07-28","Kansas City Royals","Minnesota Twins","Final","Minnesota Twins","Minnesota Twins",0.4361,0.5639,"401816300","2","3","45-63","54-54",0.443,0.473,0.439,0.465,-0.61,-0.37,4.25,4.6,4.86,4.97,NA,NA,"","","11:40 PM ET"
"2026-07-28","New York Yankees","Chicago White Sox","Final","New York Yankees","New York Yankees",0.5585,0.4415,"401816301","3","2","61-46","55-51",0.574,0.51,0.591,0.524,0.83,0.24,4.56,4.68,3.73,4.44,NA,NA,"","","11:40 PM ET"
"2026-07-28","Chicago Cubs","St. Louis Cardinals","Final","Chicago Cubs","Chicago Cubs",0.5094,0.4906,"401816299","10","2","61-46","53-54",0.557,0.493,0.587,0.495,0.93,-0.05,5.34,4.56,4.41,4.61,NA,NA,"","","11:45 PM ET"
"2026-07-28","Houston Astros","Los Angeles Angels","Final","Houston Astros","Houston Astros",0.6062,0.3938,"401816304","3","2","54-55","42-66",0.503,0.378,0.471,0.446,-0.29,-0.51,4.46,4.05,4.75,4.55,NA,NA,"","","01:38 AM ET"
"2026-07-28","Boston Red Sox","Athletics","Final","Athletics","Boston Red Sox",0.6423,0.3577,"401816302","3","4","55-51","45-62",0.544,0.405,0.563,0.386,0.57,-1.26,4.42,4.37,3.85,5.63,NA,NA,"","","01:40 AM ET"
"2026-07-28","Colorado Rockies","San Diego Padres","Final","San Diego Padres","San Diego Padres",0.2482,0.7518,"401816303","7","8","42-66","54-53",0.372,0.541,0.405,0.515,-1.09,0.14,4.7,4.28,5.79,4.14,NA,NA,"","","01:40 AM ET"
"2026-07-28","Milwaukee Brewers","San Francisco Giants","Final","Milwaukee Brewers","Milwaukee Brewers",0.6859,0.3141,"401816305","8","2","67-40","45-62",0.624,0.416,0.63,0.449,1.32,-0.5,5.2,4.21,3.89,4.72,NA,NA,"","","01:45 AM ET"
"2026-07-28","Seattle Mariners","Los Angeles Dodgers","Final","Seattle Mariners","Los Angeles Dodgers",0.3185,0.6815,"401816306","7","6","53-55","67-40",0.466,0.608,0.445,0.619,-0.51,1.16,3.96,4.98,4.47,3.82,NA,NA,"","","02:10 AM ET"
"2026-07-29","Philadelphia Phillies","Miami Marlins","Final","Miami Marlins","Philadelphia Phillies",0.5387,0.4613,"401816311","6","8","57-52","55-54",0.55,0.49,0.518,0.503,0.17,0.03,4.47,4.43,4.3,4.4,NA,NA,"","","04:10 PM ET"
"2026-07-29","Arizona Diamondbacks","Pittsburgh Pirates","Final","Arizona Diamondbacks","Arizona Diamondbacks",0.5257,0.4743,"401816307","3","0","57-52","55-54",0.534,0.497,0.505,0.516,0.05,0.17,4.44,4.79,4.39,4.62,NA,NA,"","","04:35 PM ET"
"2026-07-29","Toronto Blue Jays","Washington Nationals","Final","Toronto Blue Jays","Toronto Blue Jays",0.5569,0.4431,"401816313","5","2","50-59","55-54",0.497,0.46,0.472,0.501,-0.26,0.01,4.03,5.11,4.28,5.09,NA,NA,"","","05:05 PM ET"
"2026-07-29","Atlanta Braves","New York Mets","Final","New York Mets","Atlanta Braves",0.6184,0.3816,"401816308","2","3","62-45","46-62",0.591,0.466,0.587,0.478,0.81,-0.22,4.62,4.34,3.81,4.56,NA,NA,"","","05:10 PM ET"
"2026-07-29","Baltimore Orioles","Detroit Tigers","Final","Baltimore Orioles","Detroit Tigers",0.4753,0.5247,"401816309","10","9","53-56","51-58",0.483,0.466,0.481,0.546,-0.19,0.43,4.5,4.45,4.69,4.02,NA,NA,"","","05:10 PM ET"
"2026-07-29","Milwaukee Brewers","San Francisco Giants","Final","San Francisco Giants","Milwaukee Brewers",0.6859,0.3141,"401816320","3","16","67-41","46-62",0.624,0.416,0.63,0.449,1.32,-0.5,5.2,4.21,3.89,4.72,NA,NA,"","","07:45 PM ET"
"2026-07-29","Colorado Rockies","San Diego Padres","Final","San Diego Padres","San Diego Padres",0.2482,0.7518,"401816318","1","3","42-67","55-53",0.372,0.541,0.405,0.515,-1.09,0.14,4.7,4.28,5.79,4.14,NA,NA,"","","08:10 PM ET"
"2026-07-29","Texas Rangers","Tampa Bay Rays","Final","Tampa Bay Rays","Tampa Bay Rays",0.3294,0.6706,"401816312","0","3","55-53","63-44",0.486,0.601,0.465,0.542,-0.33,0.4,4.13,4.51,4.46,4.11,NA,NA,"","","10:40 PM ET"
"2026-07-29","Cleveland Guardians","Cincinnati Reds","Final","Cleveland Guardians","Cleveland Guardians",0.5175,0.4825,"401816310","6","1","56-54","50-57",0.503,0.466,0.49,0.404,-0.09,-0.99,4.07,4.19,4.16,5.18,NA,NA,"","","11:10 PM ET"
"2026-07-29","Kansas City Royals","Minnesota Twins","Final","Kansas City Royals","Minnesota Twins",0.4361,0.5639,"401816315","4","0","46-63","54-55",0.443,0.473,0.439,0.465,-0.61,-0.37,4.25,4.6,4.86,4.97,NA,NA,"","","11:40 PM ET"
"2026-07-29","New York Yankees","Chicago White Sox","Final","Chicago White Sox","New York Yankees",0.5585,0.4415,"401816316","5","6","61-47","56-51",0.574,0.51,0.591,0.524,0.83,0.24,4.56,4.68,3.73,4.44,NA,NA,"","","11:40 PM ET"
"2026-07-29","Chicago Cubs","St. Louis Cardinals","Final","St. Louis Cardinals","Chicago Cubs",0.5094,0.4906,"401816314","2","3","61-47","54-54",0.557,0.493,0.587,0.495,0.93,-0.05,5.34,4.56,4.41,4.61,NA,NA,"","","11:45 PM ET"
"2026-07-29","Houston Astros","Los Angeles Angels","Final","Houston Astros","Houston Astros",0.6062,0.3938,"401816319","7","4","55-55","42-67",0.503,0.378,0.471,0.446,-0.29,-0.51,4.46,4.05,4.75,4.55,NA,NA,"","","01:38 AM ET"
"2026-07-29","Boston Red Sox","Athletics","Final","Boston Red Sox","Boston Red Sox",0.6423,0.3577,"401816317","4","2","56-51","45-63",0.544,0.405,0.563,0.386,0.57,-1.26,4.42,4.37,3.85,5.63,NA,NA,"","","01:40 AM ET"
"2026-07-29","Seattle Mariners","Los Angeles Dodgers","Final","Los Angeles Dodgers","Los Angeles Dodgers",0.3185,0.6815,"401816321","2","4","53-56","68-40",0.466,0.608,0.445,0.619,-0.51,1.16,3.96,4.98,4.47,3.82,NA,NA,"","","02:10 AM ET"
"2026-07-30","Texas Rangers","Tampa Bay Rays","Final","Tampa Bay Rays","Tampa Bay Rays",0.3294,0.6706,"401816324","2","3","55-54","64-44",0.486,0.601,0.465,0.542,-0.33,0.4,4.13,4.51,4.46,4.11,NA,NA,"","","04:10 PM ET"
"2026-07-30","Kansas City Royals","Minnesota Twins","Final","Minnesota Twins","Minnesota Twins",0.4361,0.5639,"401816327","3","4","46-64","55-55",0.443,0.473,0.439,0.465,-0.61,-0.37,4.25,4.6,4.86,4.97,NA,NA,"","","05:40 PM ET"
"2026-07-30","New York Yankees","Chicago White Sox","Final","Chicago White Sox","New York Yankees",0.5585,0.4415,"401816328","1","2","61-48","57-51",0.574,0.51,0.591,0.524,0.83,0.24,4.56,4.68,3.73,4.44,NA,NA,"","","06:10 PM ET"
"2026-07-30","Chicago Cubs","St. Louis Cardinals","Final","Chicago Cubs","Chicago Cubs",0.5094,0.4906,"401816326","4","2","62-47","54-55",0.557,0.493,0.587,0.495,0.93,-0.05,5.34,4.56,4.41,4.61,NA,NA,"","","06:15 PM ET"
"2026-07-30","Washington Nationals","Atlanta Braves","Final","Atlanta Braves","Atlanta Braves",0.276,0.724,"401816325","4","5","55-55","64-45",0.46,0.591,0.501,0.587,0.01,0.81,5.11,4.62,5.09,3.81,NA,NA,"","","11:00 PM ET"
"2026-07-30","Miami Marlins","New York Mets","Final","New York Mets","New York Mets",0.4896,0.5104,"401816322","2","4","55-55","47-63",0.49,0.466,0.503,0.478,0.03,-0.22,4.43,4.34,4.4,4.56,NA,NA,"","","11:10 PM ET"
"2026-07-30","Pittsburgh Pirates","Cincinnati Reds","Final","Cincinnati Reds","Cincinnati Reds",0.4773,0.5227,"401816323","2","3","55-55","51-57",0.497,0.466,0.516,0.404,0.17,-0.99,4.79,4.19,4.62,5.18,NA,NA,"","","11:10 PM ET"
"2026-07-30","Boston Red Sox","Athletics","Final","Boston Red Sox","Boston Red Sox",0.6423,0.3577,"401816329","5","4","57-51","45-64",0.544,0.405,0.563,0.386,0.57,-1.26,4.42,4.37,3.85,5.63,NA,NA,"","","01:40 AM ET"
"2026-07-30","San Francisco Giants","San Diego Padres","Final","San Francisco Giants","San Diego Padres",0.3071,0.6929,"401816331","4","1","47-62","55-54",0.416,0.541,0.449,0.515,-0.5,0.14,4.21,4.28,4.72,4.14,NA,NA,"","","01:40 AM ET"
"2026-07-30","Seattle Mariners","Los Angeles Dodgers","Final","Los Angeles Dodgers","Los Angeles Dodgers",0.3185,0.6815,"401816330","2","6","53-57","69-40",0.466,0.608,0.445,0.619,-0.51,1.16,3.96,4.98,4.47,3.82,NA,NA,"","","02:10 AM ET"
"2026-07-31","New York Yankees","Chicago Cubs","Final","New York Yankees","New York Yankees",0.5286,0.4714,"401816339","2","0","62-48","62-48",0.574,0.557,0.591,0.587,0.83,0.93,4.56,5.34,3.73,4.41,NA,NA,"","","06:20 PM ET"
"2026-07-31","Pittsburgh Pirates","Cincinnati Reds","Final","Cincinnati Reds","Cincinnati Reds",0.4773,0.5227,"401816336","7","8","55-56","52-57",0.497,0.466,0.516,0.404,0.17,-0.99,4.79,4.19,4.62,5.18,NA,NA,"","","10:10 PM ET"
"2026-07-31","Philadelphia Phillies","Baltimore Orioles","Final","Baltimore Orioles","Philadelphia Phillies",0.5523,0.4477,"401816335","4","6","57-53","54-56",0.55,0.483,0.518,0.481,0.17,-0.19,4.47,4.5,4.3,4.69,NA,NA,"","","11:05 PM ET"
"2026-07-31","St. Louis Cardinals","Toronto Blue Jays","Final","Toronto Blue Jays","Toronto Blue Jays",0.4339,0.5661,"401816337","1","3","54-56","51-59",0.493,0.497,0.495,0.472,-0.05,-0.26,4.56,4.03,4.61,4.28,NA,NA,"","","11:07 PM ET"
"2026-07-31","Arizona Diamondbacks","Cleveland Guardians","Final","Arizona Diamondbacks","Cleveland Guardians",0.4856,0.5144,"401816332","4","1","58-52","56-55",0.534,0.503,0.505,0.49,0.05,-0.09,4.44,4.07,4.39,4.16,NA,NA,"","","11:10 PM ET"
"2026-07-31","Chicago White Sox","Tampa Bay Rays","Final","Chicago White Sox","Tampa Bay Rays",0.3384,0.6616,"401816333","6","1","58-51","64-45",0.51,0.601,0.524,0.542,0.24,0.4,4.68,4.51,4.44,4.11,NA,NA,"","","11:10 PM ET"
"2026-07-31","Miami Marlins","New York Mets","Final","Miami Marlins","New York Mets",0.4896,0.5104,"401816334","5","2","56-55","47-64",0.49,0.466,0.503,0.478,0.03,-0.22,4.43,4.34,4.4,4.56,NA,NA,"","","11:10 PM ET"
"2026-07-31","Washington Nationals","Atlanta Braves","Final","Atlanta Braves","Atlanta Braves",0.276,0.724,"401816338","2","6","55-56","65-45",0.46,0.591,0.501,0.587,0.01,0.81,5.11,4.62,5.09,3.81,NA,NA,"","","11:15 PM ET"
"2026-07-31","Texas Rangers","Houston Astros","Final","Houston Astros","Houston Astros",0.453,0.547,"401816340","2","11","55-55","56-55",0.486,0.503,0.465,0.471,-0.33,-0.29,4.13,4.46,4.46,4.75,NA,NA,"","","12:15 AM ET"
"2026-07-31","Kansas City Royals","Colorado Rockies","Final","Colorado Rockies","Kansas City Royals",0.5677,0.4323,"401816341","1","3","46-65","43-67",0.443,0.372,0.439,0.405,-0.61,-1.09,4.25,4.7,4.86,5.79,NA,NA,"","","12:40 AM ET"
"2026-07-31","Milwaukee Brewers","Los Angeles Angels","Final","Milwaukee Brewers","Milwaukee Brewers",0.722,0.278,"401816344","6","2","68-41","42-68",0.624,0.378,0.63,0.446,1.32,-0.51,5.2,4.05,3.89,4.55,NA,NA,"","","01:38 AM ET"
"2026-07-31","Detroit Tigers","Athletics","Final","Detroit Tigers","Detroit Tigers",0.5405,0.4595,"401816343","13","1","52-58","45-65",0.466,0.405,0.546,0.386,0.43,-1.26,4.45,4.37,4.02,5.63,NA,NA,"","","01:40 AM ET"
"2026-07-31","San Francisco Giants","San Diego Padres","Final","San Diego Padres","San Diego Padres",0.3071,0.6929,"401816346","0","7","47-63","56-54",0.416,0.541,0.449,0.515,-0.5,0.14,4.21,4.28,4.72,4.14,NA,NA,"","","01:45 AM ET"
"2026-07-31","Boston Red Sox","Los Angeles Dodgers","Final","Boston Red Sox","Los Angeles Dodgers",0.4039,0.5961,"401816342","9","4","58-51","69-41",0.544,0.608,0.563,0.619,0.57,1.16,4.42,4.98,3.85,3.82,NA,NA,"","","02:10 AM ET"
"2026-07-31","Minnesota Twins","Seattle Mariners","Final","Minnesota Twins","Seattle Mariners",0.4452,0.5548,"401816345","5","3","56-55","53-58",0.473,0.466,0.465,0.445,-0.37,-0.51,4.6,3.96,4.97,4.47,NA,NA,"","","02:10 AM ET"
"2026-08-01","St. Louis Cardinals","Toronto Blue Jays","Final","Toronto Blue Jays","Toronto Blue Jays",0.4339,0.5661,"401816352","1","5","54-57","52-59",0.493,0.497,0.495,0.472,-0.05,-0.26,4.56,4.03,4.61,4.28,NA,NA,"","","07:07 PM ET"
"2026-08-01","Chicago White Sox","Tampa Bay Rays","Final","Tampa Bay Rays","Tampa Bay Rays",0.3384,0.6616,"401816348","0","1","58-52","65-45",0.51,0.601,0.524,0.542,0.24,0.4,4.68,4.51,4.44,4.11,NA,NA,"","","08:10 PM ET"
"2026-08-01","Miami Marlins","New York Mets","Final","Miami Marlins","New York Mets",0.4896,0.5104,"401816349","6","2","57-55","47-65",0.49,0.466,0.503,0.478,0.03,-0.22,4.43,4.34,4.4,4.56,NA,NA,"","","08:10 PM ET"
"2026-08-01","Minnesota Twins","Seattle Mariners","Final","Seattle Mariners","Seattle Mariners",0.4452,0.5548,"401816360","3","4","56-56","54-58",0.473,0.466,0.465,0.445,-0.37,-0.51,4.6,3.96,4.97,4.47,NA,NA,"","","08:10 PM ET"
"2026-08-01","Pittsburgh Pirates","Cincinnati Reds","Final","Pittsburgh Pirates","Cincinnati Reds",0.4773,0.5227,"401816351","4","1","56-56","52-58",0.497,0.466,0.516,0.404,0.17,-0.99,4.79,4.19,4.62,5.18,NA,NA,"","","10:40 PM ET"
"2026-08-01","Philadelphia Phillies","Baltimore Orioles","Final","Philadelphia Phillies","Philadelphia Phillies",0.5523,0.4477,"401816350","5","0","58-53","54-57",0.55,0.483,0.518,0.481,0.17,-0.19,4.47,4.5,4.3,4.69,NA,NA,"","","11:05 PM ET"
"2026-08-01","Texas Rangers","Houston Astros","Final","Houston Astros","Houston Astros",0.453,0.547,"401816355","4","5","55-56","57-55",0.486,0.503,0.465,0.471,-0.33,-0.29,4.13,4.46,4.46,4.75,NA,NA,"","","11:10 PM ET"
"2026-08-01","Arizona Diamondbacks","Cleveland Guardians","Final","Arizona Diamondbacks","Cleveland Guardians",0.4856,0.5144,"401816347","12","8","59-52","56-56",0.534,0.503,0.505,0.49,0.05,-0.09,4.44,4.07,4.39,4.16,NA,NA,"","","11:15 PM ET"
"2026-08-01","Washington Nationals","Atlanta Braves","Final","Atlanta Braves","Atlanta Braves",0.276,0.724,"401816353","3","8","55-57","66-45",0.46,0.591,0.501,0.587,0.01,0.81,5.11,4.62,5.09,3.81,NA,NA,"","","11:15 PM ET"
"2026-08-01","New York Yankees","Chicago Cubs","Final","Chicago Cubs","New York Yankees",0.5286,0.4714,"401816354","2","5","62-49","63-48",0.574,0.557,0.591,0.587,0.83,0.93,4.56,5.34,3.73,4.41,NA,NA,"","","11:15 PM ET"
"2026-08-01","Kansas City Royals","Colorado Rockies","Final","Colorado Rockies","Kansas City Royals",0.5677,0.4323,"401816356","6","12","46-66","44-67",0.443,0.372,0.439,0.405,-0.61,-1.09,4.25,4.7,4.86,5.79,NA,NA,"","","12:10 AM ET"
"2026-08-01","San Francisco Giants","San Diego Padres","Final","San Diego Padres","San Diego Padres",0.3071,0.6929,"401816361","5","6","47-64","57-54",0.416,0.541,0.449,0.515,-0.5,0.14,4.21,4.28,4.72,4.14,NA,NA,"","","12:40 AM ET"
"2026-08-01","Boston Red Sox","Los Angeles Dodgers","Final","Boston Red Sox","Los Angeles Dodgers",0.4039,0.5961,"401816357","3","2","59-51","69-42",0.544,0.608,0.563,0.619,0.57,1.16,4.42,4.98,3.85,3.82,NA,NA,"","","01:10 AM ET"
"2026-08-01","Milwaukee Brewers","Los Angeles Angels","Final","Milwaukee Brewers","Milwaukee Brewers",0.722,0.278,"401816359","3","1","69-41","42-69",0.624,0.378,0.63,0.446,1.32,-0.51,5.2,4.05,3.89,4.55,NA,NA,"","","01:38 AM ET"
"2026-08-01","Detroit Tigers","Athletics","Final","Detroit Tigers","Detroit Tigers",0.5405,0.4595,"401816358","8","6","53-58","45-66",0.466,0.405,0.546,0.386,0.43,-1.26,4.45,4.37,4.02,5.63,NA,NA,"","","01:40 AM ET"
"2026-08-02","Philadelphia Phillies","Baltimore Orioles","Final","Philadelphia Phillies","Philadelphia Phillies",0.5523,0.4477,"401816365","8","0","59-53","54-58",0.55,0.483,0.518,0.481,0.17,-0.19,4.47,4.5,4.3,4.69,NA,NA,"","","05:35 PM ET"
"2026-08-02","Washington Nationals","Atlanta Braves","Final","Atlanta Braves","Atlanta Braves",0.276,0.724,"401816368","2","4","55-58","67-45",0.46,0.591,0.501,0.587,0.01,0.81,5.11,4.62,5.09,3.81,NA,NA,"","","05:35 PM ET"
"2026-08-02","St. Louis Cardinals","Toronto Blue Jays","Final","St. Louis Cardinals","Toronto Blue Jays",0.4339,0.5661,"401816367","5","1","55-57","52-60",0.493,0.497,0.495,0.472,-0.05,-0.26,4.56,4.03,4.61,4.28,NA,NA,"","","05:37 PM ET"
"2026-08-02","Arizona Diamondbacks","Cleveland Guardians","Final","Cleveland Guardians","Cleveland Guardians",0.4856,0.5144,"401816362","0","5","59-53","57-56",0.534,0.503,0.505,0.49,0.05,-0.09,4.44,4.07,4.39,4.16,NA,NA,"","","05:40 PM ET"
"2026-08-02","Chicago White Sox","Tampa Bay Rays","Final","Chicago White Sox","Tampa Bay Rays",0.3384,0.6616,"401816363","9","1","59-52","65-46",0.51,0.601,0.524,0.542,0.24,0.4,4.68,4.51,4.44,4.11,NA,NA,"","","05:40 PM ET"
"2026-08-02","Miami Marlins","New York Mets","Final","Miami Marlins","New York Mets",0.4896,0.5104,"401816364","2","0","58-55","47-66",0.49,0.466,0.503,0.478,0.03,-0.22,4.43,4.34,4.4,4.56,NA,NA,"","","05:40 PM ET"
"2026-08-02","Pittsburgh Pirates","Cincinnati Reds","Final","Cincinnati Reds","Cincinnati Reds",0.4773,0.5227,"401816366","2","10","56-57","53-58",0.497,0.466,0.516,0.404,0.17,-0.99,4.79,4.19,4.62,5.18,NA,NA,"","","05:40 PM ET"
"2026-08-02","Texas Rangers","Houston Astros","Final","Houston Astros","Houston Astros",0.453,0.547,"401816370","3","7","55-57","58-55",0.486,0.503,0.465,0.471,-0.33,-0.29,4.13,4.46,4.46,4.75,NA,NA,"","","06:10 PM ET"
"2026-08-02","New York Yankees","Chicago Cubs","Final","New York Yankees","New York Yankees",0.5286,0.4714,"401816369","2","1","63-49","63-49",0.574,0.557,0.591,0.587,0.83,0.93,4.56,5.34,3.73,4.41,NA,NA,"","","06:20 PM ET"
"2026-08-02","Kansas City Royals","Colorado Rockies","Final","Colorado Rockies","Kansas City Royals",0.5677,0.4323,"401816371","1","8","46-67","45-67",0.443,0.372,0.439,0.405,-0.61,-1.09,4.25,4.7,4.86,5.79,NA,NA,"","","07:10 PM ET"
"2026-08-02","Milwaukee Brewers","Los Angeles Angels","Final","Los Angeles Angels","Milwaukee Brewers",0.722,0.278,"401816374","0","3","69-42","43-69",0.624,0.378,0.63,0.446,1.32,-0.51,5.2,4.05,3.89,4.55,NA,NA,"","","07:15 PM ET"
"2026-08-02","Detroit Tigers","Athletics","Final","Detroit Tigers","Detroit Tigers",0.5405,0.4595,"401816373","11","0","54-58","45-67",0.466,0.405,0.546,0.386,0.43,-1.26,4.45,4.37,4.02,5.63,NA,NA,"","","08:05 PM ET"
"2026-08-02","Minnesota Twins","Seattle Mariners","Final","Seattle Mariners","Seattle Mariners",0.4452,0.5548,"401816375","6","7","56-57","55-58",0.473,0.466,0.465,0.445,-0.37,-0.51,4.6,3.96,4.97,4.47,NA,NA,"","","08:10 PM ET"
"2026-08-02","San Francisco Giants","San Diego Padres","Final","San Diego Padres","San Diego Padres",0.3071,0.6929,"401816376","4","5","47-65","58-54",0.416,0.541,0.449,0.515,-0.5,0.14,4.21,4.28,4.72,4.14,NA,NA,"","","08:10 PM ET"
"2026-08-02","Boston Red Sox","Los Angeles Dodgers","Final","Boston Red Sox","Los Angeles Dodgers",0.4039,0.5961,"401816372","8","4","60-51","69-43",0.544,0.608,0.563,0.619,0.57,1.16,4.42,4.98,3.85,3.82,NA,NA,"","","11:20 PM ET"
"2026-08-03","Washington Nationals","Philadelphia Phillies","Final","Philadelphia Phillies","Philadelphia Phillies",0.3206,0.6794,"401816378","3","6","55-59","60-53",0.46,0.55,0.501,0.518,0.01,0.17,5.11,4.47,5.09,4.3,NA,NA,"","","10:40 PM ET"
"2026-08-03","St. Louis Cardinals","New York Yankees","Final","St. Louis Cardinals","New York Yankees",0.35,0.65,"401816377","13","7","56-57","63-50",0.493,0.574,0.495,0.591,-0.05,0.83,4.56,4.56,4.61,3.73,NA,NA,"","","11:05 PM ET"
"2026-08-03","Pittsburgh Pirates","Milwaukee Brewers","Final","Pittsburgh Pirates","Milwaukee Brewers",0.3178,0.6822,"401816380","4","3","57-57","69-43",0.497,0.624,0.516,0.63,0.17,1.32,4.79,5.2,4.62,3.89,NA,NA,"","","11:40 PM ET"
"2026-08-03","San Francisco Giants","Texas Rangers","Final","San Francisco Giants","Texas Rangers",0.369,0.631,"401816381","5","1","48-65","55-58",0.416,0.486,0.449,0.465,-0.5,-0.33,4.21,4.13,4.72,4.46,NA,NA,"","","12:00 AM ET"
"2026-08-03","Los Angeles Dodgers","Chicago Cubs","Final","Chicago Cubs","Los Angeles Dodgers",0.5516,0.4484,"401816379","5","10","69-44","64-49",0.608,0.557,0.619,0.587,1.16,0.93,4.98,5.34,3.82,4.41,NA,NA,"","","12:05 AM ET"
"2026-08-03","Toronto Blue Jays","Houston Astros","Final","Toronto Blue Jays","Houston Astros",0.4724,0.5276,"401816382","3","1","53-60","58-56",0.497,0.503,0.472,0.471,-0.26,-0.29,4.03,4.46,4.28,4.75,NA,NA,"","","12:10 AM ET"
"2026-08-03","Tampa Bay Rays","Colorado Rockies","Final","Tampa Bay Rays","Tampa Bay Rays",0.7456,0.2544,"401816383","13","9","66-46","45-68",0.601,0.372,0.542,0.405,0.4,-1.09,4.51,4.7,4.11,5.79,NA,NA,"","","12:40 AM ET"
"2026-08-03","San Diego Padres","Arizona Diamondbacks","Final","Arizona Diamondbacks","Arizona Diamondbacks",0.4789,0.5211,"401815079","1","5","58-55","60-53",0.541,0.534,0.515,0.505,0.14,0.05,4.28,4.44,4.14,4.39,NA,NA,"","","01:40 AM ET"
"2026-08-04","Los Angeles Angels","Baltimore Orioles","Final","Baltimore Orioles","Baltimore Orioles",0.3468,0.6532,"401816384","1","3","43-70","55-58",0.378,0.483,0.446,0.481,-0.51,-0.19,4.05,4.5,4.55,4.69,NA,NA,"","","10:35 PM ET"
"2026-08-04","Athletics","Cincinnati Reds","Final","Cincinnati Reds","Cincinnati Reds",0.38,0.62,"401816385","4","5","45-68","54-58",0.405,0.466,0.386,0.404,-1.26,-0.99,4.37,4.19,5.63,5.18,NA,NA,"","","10:40 PM ET"
"2026-08-04","New York Mets","Cleveland Guardians","Final","New York Mets","Cleveland Guardians",0.4015,0.5985,"401816388","6","2","48-66","57-57",0.466,0.503,0.478,0.49,-0.22,-0.09,4.34,4.07,4.56,4.16,NA,NA,"","","10:40 PM ET"
"2026-08-04","Washington Nationals","Philadelphia Phillies","Final","Philadelphia Phillies","Philadelphia Phillies",0.3206,0.6794,"401816390","0","5","55-60","61-53",0.46,0.55,0.501,0.518,0.01,0.17,5.11,4.47,5.09,4.3,NA,NA,"","","10:40 PM ET"
"2026-08-04","St. Louis Cardinals","New York Yankees","Final","New York Yankees","New York Yankees",0.35,0.65,"401816389","0","2","56-58","64-50",0.493,0.574,0.495,0.591,-0.05,0.83,4.56,4.56,4.61,3.73,NA,NA,"","","11:05 PM ET"
"2026-08-04","Chicago White Sox","Boston Red Sox","Final","Boston Red Sox","Boston Red Sox",0.4001,0.5999,"401816386","2","14","59-53","61-51",0.51,0.544,0.524,0.563,0.24,0.57,4.68,4.42,4.44,3.85,NA,NA,"","","11:10 PM ET"
"2026-08-04","Miami Marlins","Atlanta Braves","Final","Atlanta Braves","Atlanta Braves",0.3363,0.6637,"401816387","2","4","58-56","68-45",0.49,0.591,0.503,0.587,0.03,0.81,4.43,4.62,4.4,3.81,NA,NA,"","","11:15 PM ET"
"2026-08-04","Minnesota Twins","Kansas City Royals","Final","Kansas City Royals","Kansas City Royals",0.4864,0.5136,"401816392","2","8","56-58","47-67",0.473,0.443,0.465,0.439,-0.37,-0.61,4.6,4.25,4.97,4.86,NA,NA,"","","11:40 PM ET"
"2026-08-04","Pittsburgh Pirates","Milwaukee Brewers","Final","Milwaukee Brewers","Milwaukee Brewers",0.3178,0.6822,"401816393","2","4","57-58","70-43",0.497,0.624,0.516,0.63,0.17,1.32,4.79,5.2,4.62,3.89,NA,NA,"","","11:40 PM ET"
"2026-08-04","Los Angeles Dodgers","Chicago Cubs","Final","Chicago Cubs","Los Angeles Dodgers",0.5516,0.4484,"401816391","1","5","69-45","65-49",0.608,0.557,0.619,0.587,1.16,0.93,4.98,5.34,3.82,4.41,NA,NA,"","","12:05 AM ET"
"2026-08-04","San Francisco Giants","Texas Rangers","Final","Texas Rangers","Texas Rangers",0.369,0.631,"401816394","4","5","48-66","56-58",0.416,0.486,0.449,0.465,-0.5,-0.33,4.21,4.13,4.72,4.46,NA,NA,"","","12:05 AM ET"
"2026-08-04","Toronto Blue Jays","Houston Astros","Final","Houston Astros","Houston Astros",0.4724,0.5276,"401816395","2","7","53-61","59-56",0.497,0.503,0.472,0.471,-0.26,-0.29,4.03,4.46,4.28,4.75,NA,NA,"","","12:10 AM ET"
"2026-08-04","Tampa Bay Rays","Colorado Rockies","Final","Tampa Bay Rays","Tampa Bay Rays",0.7456,0.2544,"401816396","9","7","67-46","45-69",0.601,0.372,0.542,0.405,0.4,-1.09,4.51,4.7,4.11,5.79,NA,NA,"","","12:40 AM ET"
"2026-08-04","Detroit Tigers","Seattle Mariners","Final","Detroit Tigers","Seattle Mariners",0.4484,0.5516,"401816397","8","0","55-58","55-59",0.466,0.466,0.546,0.445,0.43,-0.51,4.45,3.96,4.02,4.47,NA,NA,"","","01:40 AM ET"
"2026-08-04","San Diego Padres","Arizona Diamondbacks","Final","San Diego Padres","Arizona Diamondbacks",0.4789,0.5211,"401816398","9","4","59-55","60-54",0.541,0.534,0.515,0.505,0.14,0.05,4.28,4.44,4.14,4.39,NA,NA,"","","01:40 AM ET"
"2026-08-05","Toronto Blue Jays","Houston Astros","Final","Toronto Blue Jays","Houston Astros",0.4724,0.5276,"401816410","5","4","54-61","59-57",0.497,0.503,0.472,0.471,-0.26,-0.29,4.03,4.46,4.28,4.75,NA,NA,"","","06:10 PM ET"
"2026-08-05","Los Angeles Dodgers","Chicago Cubs","Final","Chicago Cubs","Los Angeles Dodgers",0.5516,0.4484,"401816406","6","7","69-46","66-49",0.608,0.557,0.619,0.587,1.16,0.93,4.98,5.34,3.82,4.41,NA,NA,"","","06:20 PM ET"
"2026-08-05","San Francisco Giants","Texas Rangers","Final","Texas Rangers","Texas Rangers",0.369,0.631,"401816409","0","6","48-67","57-58",0.416,0.486,0.449,0.465,-0.5,-0.33,4.21,4.13,4.72,4.46,NA,NA,"","","06:35 PM ET"
"2026-08-05","Tampa Bay Rays","Colorado Rockies","Final","Tampa Bay Rays","Tampa Bay Rays",0.7456,0.2544,"401816411","4","0","68-46","45-70",0.601,0.372,0.542,0.405,0.4,-1.09,4.51,4.7,4.11,5.79,NA,NA,"","","07:10 PM ET"
"2026-08-05","Los Angeles Angels","Baltimore Orioles","Final","Baltimore Orioles","Baltimore Orioles",0.3468,0.6532,"401816399","2","5","43-71","56-58",0.378,0.483,0.446,0.481,-0.51,-0.19,4.05,4.5,4.55,4.69,NA,NA,"","","10:35 PM ET"
"2026-08-05","Athletics","Cincinnati Reds","Final","Cincinnati Reds","Cincinnati Reds",0.38,0.62,"401816400","2","3","45-69","55-58",0.405,0.466,0.386,0.404,-1.26,-0.99,4.37,4.19,5.63,5.18,NA,NA,"","","10:40 PM ET"
"2026-08-05","New York Mets","Cleveland Guardians","Final","New York Mets","Cleveland Guardians",0.4015,0.5985,"401816403","6","5","49-66","57-58",0.466,0.503,0.478,0.49,-0.22,-0.09,4.34,4.07,4.56,4.16,NA,NA,"","","10:40 PM ET"
"2026-08-05","St. Louis Cardinals","New York Yankees","Final","St. Louis Cardinals","New York Yankees",0.35,0.65,"401816404","3","1","57-58","64-51",0.493,0.574,0.495,0.591,-0.05,0.83,4.56,4.56,4.61,3.73,NA,NA,"","","11:05 PM ET"
"2026-08-05","Washington Nationals","Philadelphia Phillies","Final","Washington Nationals","Philadelphia Phillies",0.3206,0.6794,"401816405","10","4","56-60","61-54",0.46,0.55,0.501,0.518,0.01,0.17,5.11,4.47,5.09,4.3,NA,NA,"","","11:05 PM ET"
"2026-08-05","Chicago White Sox","Boston Red Sox","Final","Boston Red Sox","Boston Red Sox",0.4001,0.5999,"401816401","0","4","59-54","62-51",0.51,0.544,0.524,0.563,0.24,0.57,4.68,4.42,4.44,3.85,NA,NA,"","","11:10 PM ET"
"2026-08-05","Miami Marlins","Atlanta Braves","Final","Atlanta Braves","Atlanta Braves",0.3363,0.6637,"401816402","1","4","58-57","69-45",0.49,0.591,0.503,0.587,0.03,0.81,4.43,4.62,4.4,3.81,NA,NA,"","","11:15 PM ET"
"2026-08-05","Pittsburgh Pirates","Milwaukee Brewers","Final","Milwaukee Brewers","Milwaukee Brewers",0.3178,0.6822,"401816408","2","4","57-59","71-43",0.497,0.624,0.516,0.63,0.17,1.32,4.79,5.2,4.62,3.89,NA,NA,"","","11:30 PM ET"
"2026-08-05","Minnesota Twins","Kansas City Royals","Final","Kansas City Royals","Kansas City Royals",0.4864,0.5136,"401816407","1","2","56-59","48-67",0.473,0.443,0.465,0.439,-0.37,-0.61,4.6,4.25,4.97,4.86,NA,NA,"","","11:40 PM ET"
"2026-08-05","Detroit Tigers","Seattle Mariners","Final","Seattle Mariners","Seattle Mariners",0.4484,0.5516,"401816412","2","4","55-59","56-59",0.466,0.466,0.546,0.445,0.43,-0.51,4.45,3.96,4.02,4.47,NA,NA,"","","01:40 AM ET"
"2026-08-05","San Diego Padres","Arizona Diamondbacks","Final","Arizona Diamondbacks","Arizona Diamondbacks",0.4789,0.5211,"401816413","4","10","59-56","61-54",0.541,0.534,0.515,0.505,0.14,0.05,4.28,4.44,4.14,4.39,NA,NA,"","","01:40 AM ET"
"2026-08-06","Los Angeles Angels","Baltimore Orioles","Final","Los Angeles Angels","Baltimore Orioles",0.3468,0.6532,"401816414","4","1","44-71","56-59",0.378,0.483,0.446,0.481,-0.51,-0.19,4.05,4.5,4.55,4.69,NA,NA,"","","04:35 PM ET"
"2026-08-06","Athletics","Cincinnati Reds","Final","Cincinnati Reds","Cincinnati Reds",0.38,0.62,"401816415","5","6","45-70","56-58",0.405,0.466,0.386,0.404,-1.26,-0.99,4.37,4.19,5.63,5.18,NA,NA,"","","04:40 PM ET"
"2026-08-06","New York Mets","Cleveland Guardians","Final","New York Mets","Cleveland Guardians",0.4015,0.5985,"401816418","13","6","50-66","57-59",0.466,0.503,0.478,0.49,-0.22,-0.09,4.34,4.07,4.56,4.16,NA,NA,"","","05:10 PM ET"
"2026-08-06","Pittsburgh Pirates","Milwaukee Brewers","Final","Milwaukee Brewers","Milwaukee Brewers",0.3178,0.6822,"401816421","2","5","57-60","72-43",0.497,0.624,0.516,0.63,0.17,1.32,4.79,5.2,4.62,3.89,NA,NA,"","","06:10 PM ET"
"2026-08-06","Toronto Blue Jays","Chicago Cubs","Final","Chicago Cubs","Chicago Cubs",0.4406,0.5594,"401879389","2","3","54-62","67-49",0.497,0.557,0.472,0.587,-0.26,0.93,4.03,5.34,4.28,4.41,NA,NA,"","","06:20 PM ET"
"2026-08-06","Detroit Tigers","Seattle Mariners","Final","Detroit Tigers","Seattle Mariners",0.4484,0.5516,"401816422","11","0","56-59","56-60",0.466,0.466,0.546,0.445,0.43,-0.51,4.45,3.96,4.02,4.47,NA,NA,"","","08:10 PM ET"
"2026-08-06","Washington Nationals","Philadelphia Phillies","Final","Philadelphia Phillies","Philadelphia Phillies",0.3206,0.6794,"401816419","3","7","56-61","62-54",0.46,0.55,0.501,0.518,0.01,0.17,5.11,4.47,5.09,4.3,NA,NA,"","","10:05 PM ET"
"2026-08-06","Chicago White Sox","Boston Red Sox","Final","Boston Red Sox","Boston Red Sox",0.4001,0.5999,"401816416","11","12","59-55","63-51",0.51,0.544,0.524,0.563,0.24,0.57,4.68,4.42,4.44,3.85,NA,NA,"","","11:10 PM ET"
"2026-08-06","Miami Marlins","Atlanta Braves","Final","Atlanta Braves","Atlanta Braves",0.3363,0.6637,"401816417","3","11","58-58","70-45",0.49,0.591,0.503,0.587,0.03,0.81,4.43,4.62,4.4,3.81,NA,NA,"","","11:15 PM ET"
"2026-08-06","Minnesota Twins","Kansas City Royals","Final","Minnesota Twins","Kansas City Royals",0.4864,0.5136,"401816420","4","3","57-59","48-68",0.473,0.443,0.465,0.439,-0.37,-0.61,4.6,4.25,4.97,4.86,NA,NA,"","","11:30 PM ET"
"2026-08-06","San Diego Padres","Arizona Diamondbacks","Final","San Diego Padres","Arizona Diamondbacks",0.4789,0.5211,"401816423","5","1","60-56","61-55",0.541,0.534,0.515,0.505,0.14,0.05,4.28,4.44,4.14,4.39,NA,NA,"","","01:40 AM ET"
"2026-08-07","New York Mets","Pittsburgh Pirates","Final","New York Mets","Pittsburgh Pirates",0.4406,0.5594,"401816428","6","4","51-66","57-61",0.466,0.497,0.478,0.516,-0.22,0.17,4.34,4.79,4.56,4.62,NA,NA,"","","10:40 PM ET"
"2026-08-07","Toronto Blue Jays","Philadelphia Phillies","Final","Toronto Blue Jays","Philadelphia Phillies",0.4093,0.5907,"401816429","5","4","55-62","62-55",0.497,0.55,0.472,0.518,-0.26,0.17,4.03,4.47,4.28,4.3,NA,NA,"","","10:40 PM ET"
"2026-08-07","Cincinnati Reds","Washington Nationals","Final","Washington Nationals","Cincinnati Reds",0.5083,0.4917,"401816427","3","5","56-59","57-61",0.466,0.46,0.404,0.501,-0.99,0.01,4.19,5.11,5.18,5.09,NA,NA,"","","10:45 PM ET"
"2026-08-07","Atlanta Braves","New York Yankees","Final","New York Yankees","New York Yankees",0.479,0.521,"401816426","2","3","70-46","65-51",0.591,0.574,0.587,0.591,0.81,0.83,4.62,4.56,3.81,3.73,NA,NA,"","","11:05 PM ET"
"2026-08-07","Los Angeles Angels","Miami Marlins","Final","Los Angeles Angels","Miami Marlins",0.3345,0.6655,"401816424","4","3","45-71","58-59",0.378,0.49,0.446,0.503,-0.51,0.03,4.05,4.43,4.55,4.4,NA,NA,"","","11:10 PM ET"
"2026-08-07","Athletics","Boston Red Sox","Final","Boston Red Sox","Boston Red Sox",0.2898,0.7102,"401816425","1","13","45-71","64-51",0.405,0.544,0.386,0.563,-1.26,0.57,4.37,4.42,5.63,3.85,NA,NA,"","","11:10 PM ET"
"2026-08-07","Cleveland Guardians","Chicago White Sox","Final","Cleveland Guardians","Chicago White Sox",0.4781,0.5219,"401816432","8","2","58-59","59-56",0.503,0.51,0.49,0.524,-0.09,0.24,4.07,4.68,4.16,4.44,NA,NA,"","","11:40 PM ET"
"2026-08-07","Minnesota Twins","Milwaukee Brewers","Final","Minnesota Twins","Milwaukee Brewers",0.2978,0.7022,"401816434","8","6","58-59","72-44",0.473,0.624,0.465,0.63,-0.37,1.32,4.6,5.2,4.97,3.89,NA,NA,"","","11:40 PM ET"
"2026-08-07","Chicago Cubs","Kansas City Royals","Final","Chicago Cubs","Chicago Cubs",0.5629,0.4371,"401816431","6","4","68-49","48-69",0.557,0.443,0.587,0.439,0.93,-0.61,5.34,4.25,4.41,4.86,NA,NA,"","","12:10 AM ET"
"2026-08-07","Baltimore Orioles","Texas Rangers","Final","Texas Rangers","Texas Rangers",0.4422,0.5578,"401816430","1","2","56-60","58-58",0.483,0.486,0.481,0.465,-0.19,-0.33,4.5,4.13,4.69,4.46,NA,NA,"","","12:15 AM ET"
"2026-08-07","Colorado Rockies","St. Louis Cardinals","Final","St. Louis Cardinals","St. Louis Cardinals",0.3103,0.6897,"401816433","2","3","45-71","58-58",0.372,0.493,0.405,0.495,-1.09,-0.05,4.7,4.56,5.79,4.61,NA,NA,"","","12:15 AM ET"
"2026-08-07","Houston Astros","San Diego Padres","Final","Houston Astros","San Diego Padres",0.4013,0.5987,"401816436","6","3","60-57","60-57",0.503,0.541,0.471,0.515,-0.29,0.14,4.46,4.28,4.75,4.14,NA,NA,"","","01:40 AM ET"
"2026-08-07","Los Angeles Dodgers","Arizona Diamondbacks","Final","Arizona Diamondbacks","Los Angeles Dodgers",0.5404,0.4596,"401816437","3","4","69-47","62-55",0.608,0.534,0.619,0.505,1.16,0.05,4.98,4.44,3.82,4.39,NA,NA,"","","01:40 AM ET"
"2026-08-07","Tampa Bay Rays","Seattle Mariners","Final","Tampa Bay Rays","Tampa Bay Rays",0.618,0.382,"401816438","2","1","69-46","56-61",0.601,0.466,0.542,0.445,0.4,-0.51,4.51,3.96,4.11,4.47,NA,NA,"","","01:45 AM ET"
"2026-08-07","Detroit Tigers","San Francisco Giants","Final","San Francisco Giants","Detroit Tigers",0.523,0.477,"401816435","2","5","56-60","49-67",0.466,0.416,0.546,0.449,0.43,-0.5,4.45,4.21,4.02,4.72,NA,NA,"","","02:15 AM ET"
"2026-08-08","Atlanta Braves","New York Yankees","Final","New York Yankees","New York Yankees",0.479,0.521,"401816441","4","5","70-47","66-51",0.591,0.574,0.587,0.591,0.81,0.83,4.62,4.56,3.81,3.73,NA,NA,"","","07:05 PM ET"
"2026-08-08","Los Angeles Angels","Miami Marlins","Final","Miami Marlins","Miami Marlins",0.3345,0.6655,"401816439","0","7","45-72","59-59",0.378,0.49,0.446,0.503,-0.51,0.03,4.05,4.43,4.55,4.4,NA,NA,"","","08:10 PM ET"
"2026-08-08","Athletics","Boston Red Sox","Final","Athletics","Boston Red Sox",0.2898,0.7102,"401816440","7","3","46-71","64-52",0.405,0.544,0.386,0.563,-1.26,0.57,4.37,4.42,5.63,3.85,NA,NA,"","","08:10 PM ET"
"2026-08-08","Toronto Blue Jays","Philadelphia Phillies","Final","Toronto Blue Jays","Philadelphia Phillies",0.4093,0.5907,"401816444","7","5","56-62","62-56",0.497,0.55,0.472,0.518,-0.26,0.17,4.03,4.47,4.28,4.3,NA,NA,"","","10:05 PM ET"
"2026-08-08","New York Mets","Pittsburgh Pirates","Final","Pittsburgh Pirates","Pittsburgh Pirates",0.4406,0.5594,"401816443","0","9","51-67","58-61",0.466,0.497,0.478,0.516,-0.22,0.17,4.34,4.79,4.56,4.62,NA,NA,"","","10:40 PM ET"
"2026-08-08","Cincinnati Reds","Washington Nationals","Final","Washington Nationals","Cincinnati Reds",0.5083,0.4917,"401816442","2","8","56-60","58-61",0.466,0.46,0.404,0.501,-0.99,0.01,4.19,5.11,5.18,5.09,NA,NA,"","","10:45 PM ET"
"2026-08-08","Chicago Cubs","Kansas City Royals","Final","Kansas City Royals","Chicago Cubs",0.5629,0.4371,"401816446","3","6","68-50","49-69",0.557,0.443,0.587,0.439,0.93,-0.61,5.34,4.25,4.41,4.86,NA,NA,"","","11:10 PM ET"
"2026-08-08","Minnesota Twins","Milwaukee Brewers","Final","Milwaukee Brewers","Milwaukee Brewers",0.2978,0.7022,"401816449","3","4","58-60","73-44",0.473,0.624,0.465,0.63,-0.37,1.32,4.6,5.2,4.97,3.89,NA,NA,"","","11:10 PM ET"
"2026-08-08","Baltimore Orioles","Texas Rangers","Final","Texas Rangers","Texas Rangers",0.4422,0.5578,"401816445","1","5","56-61","59-58",0.483,0.486,0.481,0.465,-0.19,-0.33,4.5,4.13,4.69,4.46,NA,NA,"","","11:15 PM ET"
"2026-08-08","Cleveland Guardians","Chicago White Sox","Final","Chicago White Sox","Chicago White Sox",0.4781,0.5219,"401816447","3","6","58-60","60-56",0.503,0.51,0.49,0.524,-0.09,0.24,4.07,4.68,4.16,4.44,NA,NA,"","","11:15 PM ET"
"2026-08-08","Colorado Rockies","St. Louis Cardinals","Final","Colorado Rockies","St. Louis Cardinals",0.3103,0.6897,"401816448","8","6","46-71","58-59",0.372,0.493,0.405,0.495,-1.09,-0.05,4.7,4.56,5.79,4.61,NA,NA,"","","11:15 PM ET"
"2026-08-08","Detroit Tigers","San Francisco Giants","Final","Detroit Tigers","Detroit Tigers",0.523,0.477,"401816450","8","0","57-60","49-68",0.466,0.416,0.546,0.449,0.43,-0.5,4.45,4.21,4.02,4.72,NA,NA,"","","11:15 PM ET"
"2026-08-08","Houston Astros","San Diego Padres","Final","San Diego Padres","San Diego Padres",0.4013,0.5987,"401816451","2","3","60-58","61-57",0.503,0.541,0.471,0.515,-0.29,0.14,4.46,4.28,4.75,4.14,NA,NA,"","","11:15 PM ET"
"2026-08-08","Los Angeles Dodgers","Arizona Diamondbacks","Final","Los Angeles Dodgers","Los Angeles Dodgers",0.5404,0.4596,"401816452","2","1","70-47","62-56",0.608,0.534,0.619,0.505,1.16,0.05,4.98,4.44,3.82,4.39,NA,NA,"","","12:10 AM ET"
"2026-08-08","Tampa Bay Rays","Seattle Mariners","Final","Tampa Bay Rays","Tampa Bay Rays",0.618,0.382,"401816453","3","2","70-46","56-62",0.601,0.466,0.542,0.445,0.4,-0.51,4.51,3.96,4.11,4.47,NA,NA,"","","01:50 AM ET"
"2026-08-09","Cincinnati Reds","Washington Nationals","Final","Washington Nationals","Cincinnati Reds",0.5083,0.4917,"401816457","1","7","56-61","59-61",0.466,0.46,0.404,0.501,-0.99,0.01,4.19,5.11,5.18,5.09,NA,NA,"","","04:15 PM ET"
"2026-08-09","Athletics","Boston Red Sox","Final","Athletics","Boston Red Sox",0.2898,0.7102,"401816455","4","3","47-71","64-53",0.405,0.544,0.386,0.563,-1.26,0.57,4.37,4.42,5.63,3.85,NA,NA,"","","05:35 PM ET"
"2026-08-09","Atlanta Braves","New York Yankees","Final","Atlanta Braves","New York Yankees",0.479,0.521,"401816456","2","1","71-47","66-52",0.591,0.574,0.587,0.591,0.81,0.83,4.62,4.56,3.81,3.73,NA,NA,"","","05:35 PM ET"
"2026-08-09","New York Mets","Pittsburgh Pirates","Final","New York Mets","Pittsburgh Pirates",0.4406,0.5594,"401816458","11","1","52-67","58-62",0.466,0.497,0.478,0.516,-0.22,0.17,4.34,4.79,4.56,4.62,NA,NA,"","","05:35 PM ET"
"2026-08-09","Toronto Blue Jays","Philadelphia Phillies","Final","Philadelphia Phillies","Philadelphia Phillies",0.4093,0.5907,"401816459","6","7","56-63","63-56",0.497,0.55,0.472,0.518,-0.26,0.17,4.03,4.47,4.28,4.3,NA,NA,"","","05:35 PM ET"
"2026-08-09","Los Angeles Angels","Miami Marlins","Final","Miami Marlins","Miami Marlins",0.3345,0.6655,"401816454","3","12","45-73","60-59",0.378,0.49,0.446,0.503,-0.51,0.03,4.05,4.43,4.55,4.4,NA,NA,"","","05:40 PM ET"
"2026-08-09","Chicago Cubs","Kansas City Royals","Final","Chicago Cubs","Chicago Cubs",0.5629,0.4371,"401816461","10","2","69-50","49-70",0.557,0.443,0.587,0.439,0.93,-0.61,5.34,4.25,4.41,4.86,NA,NA,"","","06:10 PM ET"
"2026-08-09","Cleveland Guardians","Chicago White Sox","Final","Chicago White Sox","Chicago White Sox",0.4781,0.5219,"401816462","3","5","58-61","61-56",0.503,0.51,0.49,0.524,-0.09,0.24,4.07,4.68,4.16,4.44,NA,NA,"","","06:10 PM ET"
"2026-08-09","Minnesota Twins","Milwaukee Brewers","Final","Milwaukee Brewers","Milwaukee Brewers",0.2978,0.7022,"401816464","3","4","58-61","74-44",0.473,0.624,0.465,0.63,-0.37,1.32,4.6,5.2,4.97,3.89,NA,NA,"","","06:10 PM ET"
"2026-08-09","Colorado Rockies","St. Louis Cardinals","Final","St. Louis Cardinals","St. Louis Cardinals",0.3103,0.6897,"401816463","4","7","46-72","59-59",0.372,0.493,0.405,0.495,-1.09,-0.05,4.7,4.56,5.79,4.61,NA,NA,"","","06:15 PM ET"
"2026-08-09","Baltimore Orioles","Texas Rangers","Final","Baltimore Orioles","Texas Rangers",0.4422,0.5578,"401816460","10","5","57-61","59-59",0.483,0.486,0.481,0.465,-0.19,-0.33,4.5,4.13,4.69,4.46,NA,NA,"","","06:35 PM ET"
"2026-08-09","Detroit Tigers","San Francisco Giants","Final","Detroit Tigers","Detroit Tigers",0.523,0.477,"401816465","3","1","58-60","49-69",0.466,0.416,0.546,0.449,0.43,-0.5,4.45,4.21,4.02,4.72,NA,NA,"","","08:05 PM ET"
"2026-08-09","Los Angeles Dodgers","Arizona Diamondbacks","Final","Arizona Diamondbacks","Los Angeles Dodgers",0.5404,0.4596,"401816467","2","4","70-48","63-56",0.608,0.534,0.619,0.505,1.16,0.05,4.98,4.44,3.82,4.39,NA,NA,"","","08:10 PM ET"
"2026-08-09","Tampa Bay Rays","Seattle Mariners","Final","Tampa Bay Rays","Tampa Bay Rays",0.618,0.382,"401816468","4","1","71-46","56-63",0.601,0.466,0.542,0.445,0.4,-0.51,4.51,3.96,4.11,4.47,NA,NA,"","","08:10 PM ET"
"2026-08-09","Houston Astros","San Diego Padres","Final","San Diego Padres","San Diego Padres",0.4013,0.5987,"401816466","2","7","60-59","62-57",0.503,0.541,0.471,0.515,-0.29,0.14,4.46,4.28,4.75,4.14,NA,NA,"","","12:20 AM ET"
"2026-08-10","Boston Red Sox","Toronto Blue Jays","Final","Toronto Blue Jays","Boston Red Sox",0.5141,0.4859,"401816469","1","2","64-54","57-63",0.544,0.497,0.563,0.472,0.57,-0.26,4.42,4.03,3.85,4.28,NA,NA,"","","11:07 PM ET"
"2026-08-10","New York Mets","Atlanta Braves","Final","New York Mets","Atlanta Braves",0.3113,0.6887,"401816470","8","5","53-67","71-48",0.466,0.591,0.478,0.587,-0.22,0.81,4.34,4.62,4.56,3.81,NA,NA,"","","11:15 PM ET"
"2026-08-10","Baltimore Orioles","Minnesota Twins","Final","Minnesota Twins","Minnesota Twins",0.4785,0.5215,"401816471","5","9","57-62","59-61",0.483,0.473,0.481,0.465,-0.19,-0.37,4.5,4.6,4.69,4.97,NA,NA,"","","11:40 PM ET"
"2026-08-10","Philadelphia Phillies","St. Louis Cardinals","Final","Philadelphia Phillies","Philadelphia Phillies",0.5414,0.4586,"401816472","6","5","64-56","59-60",0.55,0.493,0.518,0.495,0.17,-0.05,4.47,4.56,4.3,4.61,NA,NA,"","","11:45 PM ET"
"2026-08-10","Texas Rangers","Los Angeles Angels","Final","Texas Rangers","Texas Rangers",0.5984,0.4016,"401816478","4","1","60-59","45-74",0.486,0.378,0.465,0.446,-0.33,-0.51,4.13,4.05,4.46,4.55,NA,NA,"","","01:38 AM ET"
"2026-08-10","Colorado Rockies","Arizona Diamondbacks","Final","Arizona Diamondbacks","Arizona Diamondbacks",0.2617,0.7383,"401816473","0","9","46-73","64-56",0.372,0.534,0.405,0.505,-1.09,0.05,4.7,4.44,5.79,4.39,NA,NA,"","","01:40 AM ET"
"2026-08-10","Milwaukee Brewers","San Diego Padres","Final","San Diego Padres","Milwaukee Brewers",0.5307,0.4693,"401816476","2","3","74-45","63-57",0.624,0.541,0.63,0.515,1.32,0.14,5.2,4.28,3.89,4.14,NA,NA,"","","01:40 AM ET"
"2026-08-10","Tampa Bay Rays","Athletics","Final","Tampa Bay Rays","Tampa Bay Rays",0.7007,0.2993,"401816477","10","6","72-46","47-72",0.601,0.405,0.542,0.386,0.4,-1.26,4.51,4.37,4.11,5.63,NA,NA,"","","01:40 AM ET"
"2026-08-10","Houston Astros","San Francisco Giants","Final","Houston Astros","Houston Astros",0.5641,0.4359,"401816474","6","3","61-59","49-70",0.503,0.416,0.471,0.449,-0.29,-0.5,4.46,4.21,4.75,4.72,NA,NA,"","","01:45 AM ET"
"2026-08-10","Kansas City Royals","Los Angeles Dodgers","Final","Los Angeles Dodgers","Los Angeles Dodgers",0.2836,0.7164,"401816475","5","6","49-71","71-48",0.443,0.608,0.439,0.619,-0.61,1.16,4.25,4.98,4.86,3.82,NA,NA,"","","02:10 AM ET"
"2026-08-11","Cleveland Guardians","Detroit Tigers","Final","Detroit Tigers","Cleveland Guardians",0.5214,0.4786,"401816481","4","6","58-62","59-60",0.503,0.466,0.49,0.546,-0.09,0.43,4.07,4.45,4.16,4.02,NA,NA,"","","10:40 PM ET"
"2026-08-11","Pittsburgh Pirates","Miami Marlins","Final","Miami Marlins","Miami Marlins",0.4536,0.5464,"401816483","0","2","58-63","61-59",0.497,0.49,0.516,0.503,0.17,0.03,4.79,4.43,4.62,4.4,NA,NA,"","","10:40 PM ET"
"2026-08-11","Chicago Cubs","Washington Nationals","Final","Chicago Cubs","Chicago Cubs",0.5773,0.4227,"401816480","8","6","70-50","59-62",0.557,0.46,0.587,0.501,0.93,0.01,5.34,5.11,4.41,5.09,NA,NA,"","","10:45 PM ET"
"2026-08-11","Seattle Mariners","New York Yankees","Final","New York Yankees","New York Yankees",0.3389,0.6611,"401816484","1","4","56-64","67-52",0.466,0.574,0.445,0.591,-0.51,0.83,3.96,4.56,4.47,3.73,NA,NA,"","","11:05 PM ET"
"2026-08-11","Boston Red Sox","Toronto Blue Jays","Final","Toronto Blue Jays","Boston Red Sox",0.5141,0.4859,"401816479","3","5","64-55","58-63",0.544,0.497,0.563,0.472,0.57,-0.26,4.42,4.03,3.85,4.28,NA,NA,"","","11:07 PM ET"
"2026-08-11","New York Mets","Atlanta Braves","Final","Atlanta Braves","Atlanta Braves",0.3113,0.6887,"401816482","0","4","53-68","72-48",0.466,0.591,0.478,0.587,-0.22,0.81,4.34,4.62,4.56,3.81,NA,NA,"","","11:15 PM ET"
"2026-08-11","Baltimore Orioles","Minnesota Twins","Final","Baltimore Orioles","Minnesota Twins",0.4785,0.5215,"401816485","5","2","58-62","59-62",0.483,0.473,0.481,0.465,-0.19,-0.37,4.5,4.6,4.69,4.97,NA,NA,"","","11:40 PM ET"
"2026-08-11","Cincinnati Reds","Chicago White Sox","Final","Cincinnati Reds","Chicago White Sox",0.4223,0.5777,"401816486","5","4","57-61","61-57",0.466,0.51,0.404,0.524,-0.99,0.24,4.19,4.68,5.18,4.44,NA,NA,"","","11:40 PM ET"
"2026-08-11","Philadelphia Phillies","St. Louis Cardinals","Final","St. Louis Cardinals","Philadelphia Phillies",0.5414,0.4586,"401816487","0","2","64-57","60-60",0.55,0.493,0.518,0.495,0.17,-0.05,4.47,4.56,4.3,4.61,NA,NA,"","","11:45 PM ET"
"2026-08-11","Texas Rangers","Los Angeles Angels","Final","Los Angeles Angels","Texas Rangers",0.5984,0.4016,"401816493","2","3","60-60","46-74",0.486,0.378,0.465,0.446,-0.33,-0.51,4.13,4.05,4.46,4.55,NA,NA,"","","01:38 AM ET"
"2026-08-11","Colorado Rockies","Arizona Diamondbacks","Final","Colorado Rockies","Arizona Diamondbacks",0.2617,0.7383,"401816488","3","2","47-73","64-57",0.372,0.534,0.405,0.505,-1.09,0.05,4.7,4.44,5.79,4.39,NA,NA,"","","01:40 AM ET"
"2026-08-11","Milwaukee Brewers","San Diego Padres","Final","San Diego Padres","Milwaukee Brewers",0.5307,0.4693,"401816491","2","11","74-46","64-57",0.624,0.541,0.63,0.515,1.32,0.14,5.2,4.28,3.89,4.14,NA,NA,"","","01:40 AM ET"
"2026-08-11","Tampa Bay Rays","Athletics","Final","Tampa Bay Rays","Tampa Bay Rays",0.7007,0.2993,"401816492","12","4","73-46","47-73",0.601,0.405,0.542,0.386,0.4,-1.26,4.51,4.37,4.11,5.63,NA,NA,"","","01:40 AM ET"
"2026-08-11","Houston Astros","San Francisco Giants","Final","San Francisco Giants","Houston Astros",0.5641,0.4359,"401816489","1","4","61-60","50-70",0.503,0.416,0.471,0.449,-0.29,-0.5,4.46,4.21,4.75,4.72,NA,NA,"","","01:45 AM ET"
"2026-08-11","Kansas City Royals","Los Angeles Dodgers","Final","Los Angeles Dodgers","Los Angeles Dodgers",0.2836,0.7164,"401816490","4","5","49-72","72-48",0.443,0.608,0.439,0.619,-0.61,1.16,4.25,4.98,4.86,3.82,NA,NA,"","","02:10 AM ET"
"2026-08-12","Baltimore Orioles","Minnesota Twins","Final","Minnesota Twins","Minnesota Twins",0.4785,0.5215,"401816500","5","7","58-63","60-62",0.483,0.473,0.481,0.465,-0.19,-0.37,4.5,4.6,4.69,4.97,NA,NA,"","","05:40 PM ET"
"2026-08-12","Philadelphia Phillies","St. Louis Cardinals","Final","St. Louis Cardinals","Philadelphia Phillies",0.5414,0.4586,"401816502","1","7","64-58","61-60",0.55,0.493,0.518,0.495,0.17,-0.05,4.47,4.56,4.3,4.61,NA,NA,"","","06:15 PM ET"
"2026-08-12","Tampa Bay Rays","Athletics","Final","Tampa Bay Rays","Tampa Bay Rays",0.7007,0.2993,"401816507","8","4","74-46","47-74",0.601,0.405,0.542,0.386,0.4,-1.26,4.51,4.37,4.11,5.63,NA,NA,"","","07:05 PM ET"
"2026-08-12","Colorado Rockies","Arizona Diamondbacks","Final","Colorado Rockies","Arizona Diamondbacks",0.2617,0.7383,"401816503","6","4","48-73","64-58",0.372,0.534,0.405,0.505,-1.09,0.05,4.7,4.44,5.79,4.39,NA,NA,"","","07:40 PM ET"
"2026-08-12","Houston Astros","San Francisco Giants","Final","Houston Astros","Houston Astros",0.5641,0.4359,"401816504","2","1","62-60","50-71",0.503,0.416,0.471,0.449,-0.29,-0.5,4.46,4.21,4.75,4.72,NA,NA,"","","07:45 PM ET"
"2026-08-12","Milwaukee Brewers","San Diego Padres","Final","San Diego Padres","Milwaukee Brewers",0.5307,0.4693,"401816506","3","4","74-47","65-57",0.624,0.541,0.63,0.515,1.32,0.14,5.2,4.28,3.89,4.14,NA,NA,"","","08:10 PM ET"
"2026-08-12","Cleveland Guardians","Detroit Tigers","Final","Cleveland Guardians","Cleveland Guardians",0.5214,0.4786,"401816496","6","4","59-62","59-61",0.503,0.466,0.49,0.546,-0.09,0.43,4.07,4.45,4.16,4.02,NA,NA,"","","10:40 PM ET"
"2026-08-12","Pittsburgh Pirates","Miami Marlins","Final","Miami Marlins","Miami Marlins",0.4536,0.5464,"401816498","2","8","58-64","62-59",0.497,0.49,0.516,0.503,0.17,0.03,4.79,4.43,4.62,4.4,NA,NA,"","","10:40 PM ET"
"2026-08-12","Chicago Cubs","Washington Nationals","Final","Chicago Cubs","Chicago Cubs",0.5773,0.4227,"401816495","12","6","71-50","59-63",0.557,0.46,0.587,0.501,0.93,0.01,5.34,5.11,4.41,5.09,NA,NA,"","","10:45 PM ET"
"2026-08-12","Seattle Mariners","New York Yankees","Final","New York Yankees","New York Yankees",0.3389,0.6611,"401816499","5","10","56-65","68-52",0.466,0.574,0.445,0.591,-0.51,0.83,3.96,4.56,4.47,3.73,NA,NA,"","","11:00 PM ET"
"2026-08-12","Boston Red Sox","Toronto Blue Jays","Final","Toronto Blue Jays","Boston Red Sox",0.5141,0.4859,"401816494","4","6","64-56","59-63",0.544,0.497,0.563,0.472,0.57,-0.26,4.42,4.03,3.85,4.28,NA,NA,"","","11:07 PM ET"
"2026-08-12","New York Mets","Atlanta Braves","Final","Atlanta Braves","Atlanta Braves",0.3113,0.6887,"401816497","3","6","53-69","73-48",0.466,0.591,0.478,0.587,-0.22,0.81,4.34,4.62,4.56,3.81,NA,NA,"","","11:15 PM ET"
"2026-08-12","Cincinnati Reds","Chicago White Sox","Final","Chicago White Sox","Chicago White Sox",0.4223,0.5777,"401816501","0","5","57-62","62-57",0.466,0.51,0.404,0.524,-0.99,0.24,4.19,4.68,5.18,4.44,NA,NA,"","","11:40 PM ET"
"2026-08-12","Texas Rangers","Los Angeles Angels","Final","Los Angeles Angels","Texas Rangers",0.5984,0.4016,"401816508","2","5","60-61","47-74",0.486,0.378,0.465,0.446,-0.33,-0.51,4.13,4.05,4.46,4.55,NA,NA,"","","02:00 AM ET"
"2026-08-12","Kansas City Royals","Los Angeles Dodgers","Final","Los Angeles Dodgers","Los Angeles Dodgers",0.2836,0.7164,"401816505","2","4","49-73","73-48",0.443,0.608,0.439,0.619,-0.61,1.16,4.25,4.98,4.86,3.82,NA,NA,"","","02:10 AM ET"
"2026-08-13","Cleveland Guardians","Detroit Tigers","Final","Detroit Tigers","Cleveland Guardians",0.5214,0.4786,"401816511","0","3","59-63","60-61",0.503,0.466,0.49,0.546,-0.09,0.43,4.07,4.45,4.16,4.02,NA,NA,"","","05:10 PM ET"
"2026-08-13","Pittsburgh Pirates","Miami Marlins","Final","Pittsburgh Pirates","Miami Marlins",0.4536,0.5464,"401816512","13","1","59-64","62-60",0.497,0.49,0.516,0.503,0.17,0.03,4.79,4.43,4.62,4.4,NA,NA,"","","05:10 PM ET"
"2026-08-13","Cincinnati Reds","Chicago White Sox","Final","Cincinnati Reds","Chicago White Sox",0.4223,0.5777,"401816514","9","8","58-62","62-58",0.466,0.51,0.404,0.524,-0.99,0.24,4.19,4.68,5.18,4.44,NA,NA,"","","05:10 PM ET"
"2026-08-13","Seattle Mariners","New York Yankees","Final","Seattle Mariners","New York Yankees",0.3389,0.6611,"401816513","1","0","57-65","68-53",0.466,0.574,0.445,0.591,-0.51,0.83,3.96,4.56,4.47,3.73,NA,NA,"","","05:35 PM ET"
"2026-08-13","Boston Red Sox","Toronto Blue Jays","Final","Boston Red Sox","Boston Red Sox",0.5141,0.4859,"401816509","7","0","65-56","59-64",0.544,0.497,0.563,0.472,0.57,-0.26,4.42,4.03,3.85,4.28,NA,NA,"","","07:07 PM ET"
"2026-08-13","Chicago Cubs","Washington Nationals","Final","Washington Nationals","Chicago Cubs",0.5773,0.4227,"401816510","0","7","71-51","60-63",0.557,0.46,0.587,0.501,0.93,0.01,5.34,5.11,4.41,5.09,NA,NA,"","","08:05 PM ET"
"2026-08-13","Philadelphia Phillies","Minnesota Twins","Final","Philadelphia Phillies","Philadelphia Phillies",0.5695,0.4305,"401816525","7","1","65-58","60-63",0.55,0.473,0.518,0.465,0.17,-0.37,4.47,4.6,4.3,4.97,NA,NA,"","","11:30 PM ET"
"2026-08-13","Texas Rangers","Los Angeles Angels","Final","Los Angeles Angels","Texas Rangers",0.5984,0.4016,"401816516","0","7","60-62","48-74",0.486,0.378,0.465,0.446,-0.33,-0.51,4.13,4.05,4.46,4.55,NA,NA,"","","02:07 AM ET"
"2026-08-13","Milwaukee Brewers","Los Angeles Dodgers","Final","Milwaukee Brewers","Los Angeles Dodgers",0.4692,0.5308,"401816515","5","4","75-47","73-49",0.624,0.608,0.63,0.619,1.32,1.16,5.2,4.98,3.89,3.82,NA,NA,"","","02:10 AM ET"
"2026-08-14","St. Louis Cardinals","Chicago Cubs","Final","Chicago Cubs","Chicago Cubs",0.4136,0.5864,"401816527","0","3","61-61","72-51",0.493,0.557,0.495,0.587,-0.05,0.93,4.56,5.34,4.61,4.41,NA,NA,"","","06:20 PM ET"
"2026-08-14","Miami Marlins","Cincinnati Reds","Final","Cincinnati Reds","Cincinnati Reds",0.485,0.515,"401816521","0","1","62-61","59-62",0.49,0.466,0.503,0.404,0.03,-0.99,4.43,4.19,4.4,5.18,NA,NA,"","","10:10 PM ET"
"2026-08-14","Boston Red Sox","Pittsburgh Pirates","Final","Pittsburgh Pirates","Boston Red Sox",0.5465,0.4535,"401816519","4","8","65-57","60-64",0.544,0.497,0.563,0.516,0.57,0.17,4.42,4.79,3.85,4.62,NA,NA,"","","10:40 PM ET"
"2026-08-14","Chicago White Sox","Detroit Tigers","Final","Chicago White Sox","Chicago White Sox",0.5045,0.4955,"401816520","9","5","63-58","60-62",0.51,0.466,0.524,0.546,0.24,0.43,4.68,4.45,4.44,4.02,NA,NA,"","","10:40 PM ET"
"2026-08-14","Baltimore Orioles","Tampa Bay Rays","Final","Baltimore Orioles","Tampa Bay Rays",0.3128,0.6872,"401816518","6","5","59-63","74-47",0.483,0.601,0.481,0.542,-0.19,0.4,4.5,4.51,4.69,4.11,NA,NA,"","","11:10 PM ET"
"2026-08-14","San Diego Padres","Cleveland Guardians","Final","San Diego Padres","San Diego Padres",0.5034,0.4966,"401816523","7","5","66-57","59-64",0.541,0.503,0.515,0.49,0.14,-0.09,4.28,4.07,4.14,4.16,NA,NA,"","","11:10 PM ET"
"2026-08-14","Washington Nationals","New York Mets","Final","New York Mets","New York Mets",0.4192,0.5808,"401816524","1","4","60-64","54-69",0.46,0.466,0.501,0.478,0.01,-0.22,5.11,4.34,5.09,4.56,NA,NA,"","","11:10 PM ET"
"2026-08-14","Arizona Diamondbacks","Atlanta Braves","Final","Arizona Diamondbacks","Atlanta Braves",0.3888,0.6112,"401816517","2","0","65-58","73-49",0.534,0.591,0.505,0.587,0.05,0.81,4.44,4.62,4.39,3.81,NA,NA,"","","11:15 PM ET"
"2026-08-14","New York Yankees","Toronto Blue Jays","Final","Toronto Blue Jays","New York Yankees",0.5493,0.4507,"401816522","1","3","68-54","60-64",0.574,0.497,0.591,0.472,0.83,-0.26,4.56,4.03,3.73,4.28,NA,NA,"","","11:15 PM ET"
"2026-08-14","Seattle Mariners","Houston Astros","Final","Houston Astros","Houston Astros",0.4329,0.5671,"401816526","7","10","57-66","63-60",0.466,0.503,0.445,0.471,-0.51,-0.29,3.96,4.46,4.47,4.75,NA,NA,"","","12:10 AM ET"
"2026-08-14","Kansas City Royals","Los Angeles Angels","Final","Kansas City Royals","Kansas City Royals",0.5377,0.4623,"401816529","7","6","50-73","48-75",0.443,0.378,0.439,0.446,-0.61,-0.51,4.25,4.05,4.86,4.55,NA,NA,"","","01:38 AM ET"
"2026-08-14","Texas Rangers","Athletics","Final","Athletics","Texas Rangers",0.5733,0.4267,"401816531","3","8","60-63","48-74",0.486,0.405,0.465,0.386,-0.33,-1.26,4.13,4.37,4.46,5.63,NA,NA,"","","01:40 AM ET"
"2026-08-14","Milwaukee Brewers","Los Angeles Dodgers","Final","Los Angeles Dodgers","Los Angeles Dodgers",0.4692,0.5308,"401816530","1","3","75-48","74-49",0.624,0.608,0.63,0.619,1.32,1.16,5.2,4.98,3.89,3.82,NA,NA,"","","02:10 AM ET"
"2026-08-14","Colorado Rockies","San Francisco Giants","Final","Colorado Rockies","San Francisco Giants",0.3892,0.6108,"401816528","5","2","49-73","50-72",0.372,0.416,0.405,0.449,-1.09,-0.5,4.7,4.21,5.79,4.72,NA,NA,"","","02:15 AM ET"
"2026-08-15","Chicago White Sox","Detroit Tigers","Final","Chicago White Sox","Chicago White Sox",0.5045,0.4955,"401816535","4","3","64-58","60-63",0.51,0.466,0.524,0.546,0.24,0.43,4.68,4.45,4.44,4.02,NA,NA,"","","05:10 PM ET"
"2026-08-15","St. Louis Cardinals","Chicago Cubs","Final","St. Louis Cardinals","Chicago Cubs",0.4136,0.5864,"401816542","8","4","62-61","72-52",0.493,0.557,0.495,0.587,-0.05,0.93,4.56,5.34,4.61,4.41,NA,NA,"","","06:20 PM ET"
"2026-08-15","New York Yankees","Toronto Blue Jays","Final","Toronto Blue Jays","New York Yankees",0.5493,0.4507,"401816537","1","4","68-55","61-64",0.574,0.497,0.591,0.472,0.83,-0.26,4.56,4.03,3.73,4.28,NA,NA,"","","07:07 PM ET"
"2026-08-15","Colorado Rockies","San Francisco Giants","Final","San Francisco Giants","San Francisco Giants",0.3892,0.6108,"401816543","1","7","49-74","51-72",0.372,0.416,0.405,0.449,-1.09,-0.5,4.7,4.21,5.79,4.72,NA,NA,"","","08:05 PM ET"
"2026-08-15","Washington Nationals","New York Mets","Final","New York Mets","New York Mets",0.4192,0.5808,"401816539","4","5","60-65","55-69",0.46,0.466,0.501,0.478,0.01,-0.22,5.11,4.34,5.09,4.56,NA,NA,"","","08:10 PM ET"
"2026-08-15","Baltimore Orioles","Tampa Bay Rays","Final","Baltimore Orioles","Tampa Bay Rays",0.3128,0.6872,"401816533","4","3","60-63","74-48",0.483,0.601,0.481,0.542,-0.19,0.4,4.5,4.51,4.69,4.11,NA,NA,"","","10:10 PM ET"
"2026-08-15","Miami Marlins","Cincinnati Reds","Final","Miami Marlins","Cincinnati Reds",0.485,0.515,"401816536","8","4","63-61","59-63",0.49,0.466,0.503,0.404,0.03,-0.99,4.43,4.19,4.4,5.18,NA,NA,"","","10:40 PM ET"
"2026-08-15","San Diego Padres","Cleveland Guardians","Final","Cleveland Guardians","San Diego Padres",0.5034,0.4966,"401816538","1","6","66-58","60-64",0.541,0.503,0.515,0.49,0.14,-0.09,4.28,4.07,4.14,4.16,NA,NA,"","","11:10 PM ET"
"2026-08-15","Philadelphia Phillies","Minnesota Twins","Final","Philadelphia Phillies","Philadelphia Phillies",0.5695,0.4305,"401816540","9","1","66-58","60-64",0.55,0.473,0.518,0.465,0.17,-0.37,4.47,4.6,4.3,4.97,NA,NA,"","","11:10 PM ET"
"2026-08-15","Seattle Mariners","Houston Astros","Final","Seattle Mariners","Houston Astros",0.4329,0.5671,"401816541","10","5","58-66","63-61",0.466,0.503,0.445,0.471,-0.51,-0.29,3.96,4.46,4.47,4.75,NA,NA,"","","11:10 PM ET"
"2026-08-15","Arizona Diamondbacks","Atlanta Braves","Final","Arizona Diamondbacks","Atlanta Braves",0.3888,0.6112,"401816532","10","3","66-58","73-50",0.534,0.591,0.505,0.587,0.05,0.81,4.44,4.62,4.39,3.81,NA,NA,"","","11:15 PM ET"
"2026-08-15","Boston Red Sox","Pittsburgh Pirates","Final","Boston Red Sox","Boston Red Sox",0.5465,0.4535,"401816534","4","0","66-57","60-65",0.544,0.497,0.563,0.516,0.57,0.17,4.42,4.79,3.85,4.62,NA,NA,"","","11:15 PM ET"
"2026-08-15","Milwaukee Brewers","Los Angeles Dodgers","Final","Milwaukee Brewers","Los Angeles Dodgers",0.4692,0.5308,"401816545","4","1","76-48","74-50",0.624,0.608,0.63,0.619,1.32,1.16,5.2,4.98,3.89,3.82,NA,NA,"","","11:15 PM ET"
"2026-08-15","Kansas City Royals","Los Angeles Angels","Final","Los Angeles Angels","Kansas City Royals",0.5377,0.4623,"401816544","0","1","50-74","49-75",0.443,0.378,0.439,0.446,-0.61,-0.51,4.25,4.05,4.86,4.55,NA,NA,"","","01:38 AM ET"
"2026-08-15","Texas Rangers","Athletics","Final","Texas Rangers","Texas Rangers",0.5733,0.4267,"401816546","5","3","61-63","48-75",0.486,0.405,0.465,0.386,-0.33,-1.26,4.13,4.37,4.46,5.63,NA,NA,"","","01:40 AM ET"
"2026-08-16","Baltimore Orioles","Tampa Bay Rays","Final","Baltimore Orioles","Tampa Bay Rays",0.3128,0.6872,"401816548","10","2","61-63","74-49",0.483,0.601,0.481,0.542,-0.19,0.4,4.5,4.51,4.69,4.11,NA,NA,"","","04:15 PM ET"
"2026-08-16","Arizona Diamondbacks","Atlanta Braves","Final","Atlanta Braves","Atlanta Braves",0.3888,0.6112,"401816547","3","5","66-59","74-50",0.534,0.591,0.505,0.587,0.05,0.81,4.44,4.62,4.39,3.81,NA,NA,"","","05:35 PM ET"
"2026-08-16","Boston Red Sox","Pittsburgh Pirates","Final","Pittsburgh Pirates","Boston Red Sox",0.5465,0.4535,"401816549","3","8","66-58","61-65",0.544,0.497,0.563,0.516,0.57,0.17,4.42,4.79,3.85,4.62,NA,NA,"","","05:35 PM ET"
"2026-08-16","New York Yankees","Toronto Blue Jays","Final","New York Yankees","New York Yankees",0.5493,0.4507,"401816552","4","3","69-55","61-65",0.574,0.497,0.591,0.472,0.83,-0.26,4.56,4.03,3.73,4.28,NA,NA,"","","05:37 PM ET"
"2026-08-16","Chicago White Sox","Detroit Tigers","Final","Chicago White Sox","Chicago White Sox",0.5045,0.4955,"401816550","7","5","65-58","60-64",0.51,0.466,0.524,0.546,0.24,0.43,4.68,4.45,4.44,4.02,NA,NA,"","","05:40 PM ET"
"2026-08-16","Miami Marlins","Cincinnati Reds","Final","Miami Marlins","Cincinnati Reds",0.485,0.515,"401816551","7","1","64-61","59-64",0.49,0.466,0.503,0.404,0.03,-0.99,4.43,4.19,4.4,5.18,NA,NA,"","","05:40 PM ET"
"2026-08-16","San Diego Padres","Cleveland Guardians","Final","San Diego Padres","San Diego Padres",0.5034,0.4966,"401816553","5","0","67-58","60-65",0.541,0.503,0.515,0.49,0.14,-0.09,4.28,4.07,4.14,4.16,NA,NA,"","","05:40 PM ET"
"2026-08-16","Washington Nationals","New York Mets","Final","New York Mets","New York Mets",0.4192,0.5808,"401816554","3","4","60-66","56-69",0.46,0.466,0.501,0.478,0.01,-0.22,5.11,4.34,5.09,4.56,NA,NA,"","","05:40 PM ET"
"2026-08-16","Philadelphia Phillies","Minnesota Twins","Final","Philadelphia Phillies","Philadelphia Phillies",0.5695,0.4305,"401816555","7","5","67-58","60-65",0.55,0.473,0.518,0.465,0.17,-0.37,4.47,4.6,4.3,4.97,NA,NA,"","","06:10 PM ET"
"2026-08-16","St. Louis Cardinals","Chicago Cubs","Final","St. Louis Cardinals","Chicago Cubs",0.4136,0.5864,"401816557","11","4","63-61","72-53",0.493,0.557,0.495,0.587,-0.05,0.93,4.56,5.34,4.61,4.41,NA,NA,"","","07:00 PM ET"
"2026-08-16","Colorado Rockies","San Francisco Giants","Final","Colorado Rockies","San Francisco Giants",0.3892,0.6108,"401816558","13","7","50-74","51-73",0.372,0.416,0.405,0.449,-1.09,-0.5,4.7,4.21,5.79,4.72,NA,NA,"","","08:05 PM ET"
"2026-08-16","Texas Rangers","Athletics","Final","Athletics","Texas Rangers",0.5733,0.4267,"401816561","2","5","61-64","49-75",0.486,0.405,0.465,0.386,-0.33,-1.26,4.13,4.37,4.46,5.63,NA,NA,"","","08:05 PM ET"
"2026-08-16","Kansas City Royals","Los Angeles Angels","Final","Kansas City Royals","Kansas City Royals",0.5377,0.4623,"401816559","3","0","51-74","49-76",0.443,0.378,0.439,0.446,-0.61,-0.51,4.25,4.05,4.86,4.55,NA,NA,"","","08:07 PM ET"
"2026-08-16","Milwaukee Brewers","Los Angeles Dodgers","Final","Milwaukee Brewers","Los Angeles Dodgers",0.4692,0.5308,"401816560","6","2","77-48","74-51",0.624,0.608,0.63,0.619,1.32,1.16,5.2,4.98,3.89,3.82,NA,NA,"","","08:10 PM ET"
"2026-08-16","Seattle Mariners","Houston Astros","Final","Seattle Mariners","Houston Astros",0.4329,0.5671,"401816556","3","2","59-66","63-62",0.466,0.503,0.445,0.471,-0.51,-0.29,3.96,4.46,4.47,4.75,NA,NA,"","","11:20 PM ET"
"2026-08-17","St. Louis Cardinals","Cincinnati Reds","Final","St. Louis Cardinals","Cincinnati Reds",0.4823,0.5177,"401873710","2","1","64-61","59-65",0.493,0.466,0.495,0.404,-0.05,-0.99,4.56,4.19,4.61,5.18,NA,NA,"","","05:40 PM ET"
"2026-08-17","Baltimore Orioles","Tampa Bay Rays","Final","Tampa Bay Rays","Tampa Bay Rays",0.3128,0.6872,"401816563","6","7","61-64","75-49",0.483,0.601,0.481,0.542,-0.19,0.4,4.5,4.51,4.69,4.11,NA,NA,"","","10:05 PM ET"
"2026-08-17","Miami Marlins","Philadelphia Phillies","Final","Philadelphia Phillies","Philadelphia Phillies",0.3854,0.6146,"401816565","5","6","64-62","68-58",0.49,0.55,0.503,0.518,0.03,0.17,4.43,4.47,4.4,4.3,NA,NA,"","","10:40 PM ET"
"2026-08-17","Detroit Tigers","Pittsburgh Pirates","Final","Detroit Tigers","Pittsburgh Pirates",0.4412,0.5588,"401816564","8","5","61-64","61-66",0.466,0.497,0.546,0.516,0.43,0.17,4.45,4.79,4.02,4.62,NA,NA,"","","11:00 PM ET"
"2026-08-17","Arizona Diamondbacks","Boston Red Sox","Final","Boston Red Sox","Boston Red Sox",0.4404,0.5596,"401816562","1","11","66-60","67-58",0.534,0.544,0.505,0.563,0.05,0.57,4.44,4.42,4.39,3.85,NA,NA,"","","11:10 PM ET"
"2026-08-17","San Diego Padres","New York Mets","Final","New York Mets","San Diego Padres",0.564,0.436,"401816566","1","2","67-59","57-69",0.541,0.466,0.515,0.478,0.14,-0.22,4.28,4.34,4.14,4.56,NA,NA,"","","11:10 PM ET"
"2026-08-17","Athletics","Kansas City Royals","Final","Kansas City Royals","Kansas City Royals",0.4112,0.5888,"401816568","5","9","49-76","52-74",0.405,0.443,0.386,0.439,-1.26,-0.61,4.37,4.25,5.63,4.86,NA,NA,"","","11:40 PM ET"
"2026-08-17","Atlanta Braves","Minnesota Twins","Final","Minnesota Twins","Atlanta Braves",0.6209,0.3791,"401816581","2","4","74-51","61-65",0.591,0.473,0.587,0.465,0.81,-0.37,4.62,4.6,3.81,4.97,NA,NA,"","","11:40 PM ET"
"2026-08-17","Chicago White Sox","Chicago Cubs","Final","Chicago Cubs","Chicago Cubs",0.4314,0.5686,"401816569","5","7","65-59","73-53",0.51,0.557,0.524,0.587,0.24,0.93,4.68,5.34,4.44,4.41,NA,NA,"","","12:05 AM ET"
"2026-08-17","Los Angeles Dodgers","Colorado Rockies","Final","Los Angeles Dodgers","Los Angeles Dodgers",0.7395,0.2605,"401816570","11","5","75-51","50-75",0.608,0.372,0.619,0.405,1.16,-1.09,4.98,4.7,3.82,5.79,NA,NA,"","","12:40 AM ET"
"2026-08-18","New York Yankees","Baltimore Orioles","Final","New York Yankees","New York Yankees",0.5871,0.4129,"401816574","3","1","70-55","61-65",0.574,0.483,0.591,0.481,0.83,-0.19,4.56,4.5,3.73,4.69,NA,NA,"","","10:35 PM ET"
"2026-08-18","Detroit Tigers","Pittsburgh Pirates","Final","Pittsburgh Pirates","Pittsburgh Pirates",0.4412,0.5588,"401816572","1","4","61-65","62-66",0.466,0.497,0.546,0.516,0.43,0.17,4.45,4.79,4.02,4.62,NA,NA,"","","10:40 PM ET"
"2026-08-18","Miami Marlins","Philadelphia Phillies","Final","Philadelphia Phillies","Philadelphia Phillies",0.3854,0.6146,"401816573","4","6","64-63","69-58",0.49,0.55,0.503,0.518,0.03,0.17,4.43,4.47,4.4,4.3,NA,NA,"","","10:40 PM ET"
"2026-08-18","San Francisco Giants","Cleveland Guardians","Final","Cleveland Guardians","Cleveland Guardians",0.3442,0.6558,"401816576","1","8","51-74","61-65",0.416,0.503,0.449,0.49,-0.5,-0.09,4.21,4.07,4.72,4.16,NA,NA,"","","10:40 PM ET"
"2026-08-18","St. Louis Cardinals","Cincinnati Reds","Final","St. Louis Cardinals","Cincinnati Reds",0.4823,0.5177,"401816577","3","0","65-62","60-66",0.493,0.466,0.495,0.404,-0.05,-0.99,4.56,4.19,4.61,5.18,NA,NA,"","","10:40 PM ET"
"2026-08-18","Toronto Blue Jays","Tampa Bay Rays","Final","Toronto Blue Jays","Tampa Bay Rays",0.3468,0.6532,"401816578","10","5","62-65","75-50",0.497,0.601,0.472,0.542,-0.26,0.4,4.03,4.51,4.28,4.11,NA,NA,"","","10:40 PM ET"
"2026-08-18","Arizona Diamondbacks","Boston Red Sox","Final","Boston Red Sox","Boston Red Sox",0.4404,0.5596,"401816571","4","9","66-61","68-58",0.534,0.544,0.505,0.563,0.05,0.57,4.44,4.42,4.39,3.85,NA,NA,"","","11:10 PM ET"
"2026-08-18","San Diego Padres","New York Mets","Final","San Diego Padres","San Diego Padres",0.564,0.436,"401816575","5","2","68-59","57-70",0.541,0.466,0.515,0.478,0.14,-0.22,4.28,4.34,4.14,4.56,NA,NA,"","","11:10 PM ET"
"2026-08-18","Athletics","Kansas City Royals","Final","Kansas City Royals","Kansas City Royals",0.4112,0.5888,"401816580","3","4","49-77","53-74",0.405,0.443,0.386,0.439,-1.26,-0.61,4.37,4.25,5.63,4.86,NA,NA,"","","11:40 PM ET"
"2026-08-18","Seattle Mariners","Milwaukee Brewers","Final","Milwaukee Brewers","Milwaukee Brewers",0.3115,0.6885,"401816583","0","22","59-67","78-48",0.466,0.624,0.445,0.63,-0.51,1.32,3.96,5.2,4.47,3.89,NA,NA,"","","11:40 PM ET"
"2026-08-18","Atlanta Braves","Minnesota Twins","Final","Minnesota Twins","Atlanta Braves",0.6209,0.3791,"401816596","1","4","74-52","62-65",0.591,0.473,0.587,0.465,0.81,-0.37,4.62,4.6,3.81,4.97,NA,NA,"","","11:40 PM ET"
"2026-08-18","Chicago White Sox","Chicago Cubs","Final","Chicago Cubs","Chicago Cubs",0.4314,0.5686,"401816582","3","4","65-60","74-53",0.51,0.557,0.524,0.587,0.24,0.93,4.68,5.34,4.44,4.41,NA,NA,"","","12:05 AM ET"
"2026-08-18","Washington Nationals","Texas Rangers","Final","Texas Rangers","Texas Rangers",0.3865,0.6135,"401816584","0","5","60-67","62-64",0.46,0.486,0.501,0.465,0.01,-0.33,5.11,4.13,5.09,4.46,NA,NA,"","","12:05 AM ET"
"2026-08-18","Los Angeles Angels","Houston Astros","Final","Los Angeles Angels","Houston Astros",0.3224,0.6776,"401816579","3","1","50-76","63-63",0.378,0.503,0.446,0.471,-0.51,-0.29,4.05,4.46,4.55,4.75,NA,NA,"","","12:10 AM ET"
"2026-08-18","Los Angeles Dodgers","Colorado Rockies","Final","Los Angeles Dodgers","Los Angeles Dodgers",0.7395,0.2605,"401816585","7","6","76-51","50-76",0.608,0.372,0.619,0.405,1.16,-1.09,4.98,4.7,3.82,5.79,NA,NA,"","","12:40 AM ET"
"2026-08-19","Detroit Tigers","Pittsburgh Pirates","Final","Pittsburgh Pirates","Pittsburgh Pirates",0.4412,0.5588,"401816587","3","4","61-66","63-66",0.466,0.497,0.546,0.516,0.43,0.17,4.45,4.79,4.02,4.62,NA,NA,"","","04:35 PM ET"
"2026-08-19","San Diego Padres","New York Mets","Final","New York Mets","San Diego Padres",0.564,0.436,"401816590","2","4","68-60","58-70",0.541,0.466,0.515,0.478,0.14,-0.22,4.28,4.34,4.14,4.56,NA,NA,"","","05:10 PM ET"
"2026-08-19","Atlanta Braves","Minnesota Twins","Final","Minnesota Twins","Atlanta Braves",0.6209,0.3791,"401816607","4","6","74-53","63-65",0.591,0.473,0.587,0.465,0.81,-0.37,4.62,4.6,3.81,4.97,NA,NA,"","","05:40 PM ET"
"2026-08-19","Chicago White Sox","Chicago Cubs","Final","Chicago White Sox","Chicago Cubs",0.4314,0.5686,"401816597","3","0","66-60","74-54",0.51,0.557,0.524,0.587,0.24,0.93,4.68,5.34,4.44,4.41,NA,NA,"","","06:20 PM ET"
"2026-08-19","Arizona Diamondbacks","Boston Red Sox","Final","Arizona Diamondbacks","Boston Red Sox",0.4404,0.5596,"401816586","7","6","67-61","68-59",0.534,0.544,0.505,0.563,0.05,0.57,4.44,4.42,4.39,3.85,NA,NA,"","","08:10 PM ET"
"2026-08-19","Miami Marlins","Philadelphia Phillies","Final","Philadelphia Phillies","Philadelphia Phillies",0.3854,0.6146,"401816588","1","4","64-64","70-58",0.49,0.55,0.503,0.518,0.03,0.17,4.43,4.47,4.4,4.3,NA,NA,"","","10:05 PM ET"
"2026-08-19","New York Yankees","Baltimore Orioles","Final","New York Yankees","New York Yankees",0.5871,0.4129,"401816589","5","3","71-55","61-66",0.574,0.483,0.591,0.481,0.83,-0.19,4.56,4.5,3.73,4.69,NA,NA,"","","10:35 PM ET"
"2026-08-19","San Francisco Giants","Cleveland Guardians","Final","San Francisco Giants","Cleveland Guardians",0.3442,0.6558,"401816591","1","0","52-74","61-66",0.416,0.503,0.449,0.49,-0.5,-0.09,4.21,4.07,4.72,4.16,NA,NA,"","","10:40 PM ET"
"2026-08-19","St. Louis Cardinals","Cincinnati Reds","Final","Cincinnati Reds","Cincinnati Reds",0.4823,0.5177,"401816592","4","5","65-63","61-66",0.493,0.466,0.495,0.404,-0.05,-0.99,4.56,4.19,4.61,5.18,NA,NA,"","","10:40 PM ET"
"2026-08-19","Toronto Blue Jays","Tampa Bay Rays","Final","Tampa Bay Rays","Tampa Bay Rays",0.3468,0.6532,"401816593","6","7","62-66","76-50",0.497,0.601,0.472,0.542,-0.26,0.4,4.03,4.51,4.28,4.11,NA,NA,"","","10:40 PM ET"
"2026-08-19","Athletics","Kansas City Royals","Final","Kansas City Royals","Kansas City Royals",0.4112,0.5888,"401816595","7","9","49-78","54-74",0.405,0.443,0.386,0.439,-1.26,-0.61,4.37,4.25,5.63,4.86,NA,NA,"","","11:40 PM ET"
"2026-08-19","Seattle Mariners","Milwaukee Brewers","Final","Seattle Mariners","Milwaukee Brewers",0.3115,0.6885,"401816598","7","5","60-67","78-49",0.466,0.624,0.445,0.63,-0.51,1.32,3.96,5.2,4.47,3.89,NA,NA,"","","11:40 PM ET"
"2026-08-19","Washington Nationals","Texas Rangers","Final","Washington Nationals","Texas Rangers",0.3865,0.6135,"401816599","6","0","61-67","62-65",0.46,0.486,0.501,0.465,0.01,-0.33,5.11,4.13,5.09,4.46,NA,NA,"","","12:05 AM ET"
"2026-08-19","Los Angeles Angels","Houston Astros","Final","Houston Astros","Houston Astros",0.3224,0.6776,"401816594","2","3","50-77","64-63",0.378,0.503,0.446,0.471,-0.51,-0.29,4.05,4.46,4.55,4.75,NA,NA,"","","12:10 AM ET"
"2026-08-19","Los Angeles Dodgers","Colorado Rockies","Final","Los Angeles Dodgers","Los Angeles Dodgers",0.7395,0.2605,"401816600","6","4","77-51","50-77",0.608,0.372,0.619,0.405,1.16,-1.09,4.98,4.7,3.82,5.79,NA,NA,"","","12:40 AM ET"
"2026-08-20","St. Louis Cardinals","Cincinnati Reds","Final","St. Louis Cardinals","Cincinnati Reds",0.4823,0.5177,"401816603","10","9","66-63","61-67",0.493,0.466,0.495,0.404,-0.05,-0.99,4.56,4.19,4.61,5.18,NA,NA,"","","04:40 PM ET"
"2026-08-20","San Francisco Giants","Cleveland Guardians","Final","Cleveland Guardians","Cleveland Guardians",0.3442,0.6558,"401816602","2","5","52-75","62-66",0.416,0.503,0.449,0.49,-0.5,-0.09,4.21,4.07,4.72,4.16,NA,NA,"","","05:10 PM ET"
"2026-08-20","Toronto Blue Jays","Tampa Bay Rays","Final","Toronto Blue Jays","Tampa Bay Rays",0.3468,0.6532,"401816604","5","1","63-66","76-51",0.497,0.601,0.472,0.542,-0.26,0.4,4.03,4.51,4.28,4.11,NA,NA,"","","05:10 PM ET"
"2026-08-20","Athletics","Kansas City Royals","Final","Kansas City Royals","Kansas City Royals",0.4112,0.5888,"401816606","2","6","49-79","55-74",0.405,0.443,0.386,0.439,-1.26,-0.61,4.37,4.25,5.63,4.86,NA,NA,"","","06:10 PM ET"
"2026-08-20","Seattle Mariners","Milwaukee Brewers","Final","Milwaukee Brewers","Milwaukee Brewers",0.3115,0.6885,"401816608","4","7","60-68","79-49",0.466,0.624,0.445,0.63,-0.51,1.32,3.96,5.2,4.47,3.89,NA,NA,"","","06:10 PM ET"
"2026-08-20","Atlanta Braves","Chicago White Sox","Final","Atlanta Braves","Atlanta Braves",0.5761,0.4239,"401877087","2","0","75-53","66-61",0.591,0.51,0.587,0.524,0.81,0.24,4.62,4.68,3.81,4.44,NA,NA,"","","06:10 PM ET"
"2026-08-20","New York Yankees","Baltimore Orioles","Final","New York Yankees","New York Yankees",0.5871,0.4129,"401816601","6","1","72-55","61-67",0.574,0.483,0.591,0.481,0.83,-0.19,4.56,4.5,3.73,4.69,NA,NA,"","","10:35 PM ET"
"2026-08-20","Washington Nationals","Texas Rangers","Final","Texas Rangers","Texas Rangers",0.3865,0.6135,"401816609","0","2","61-68","63-65",0.46,0.486,0.501,0.465,0.01,-0.33,5.11,4.13,5.09,4.46,NA,NA,"","","12:05 AM ET"
"2026-08-20","Los Angeles Angels","Houston Astros","Final","Los Angeles Angels","Houston Astros",0.3224,0.6776,"401816605","18","3","51-77","64-64",0.378,0.503,0.446,0.471,-0.51,-0.29,4.05,4.46,4.55,4.75,NA,NA,"","","12:10 AM ET"
"2026-08-21","Atlanta Braves","Milwaukee Brewers","Final","Milwaukee Brewers","Milwaukee Brewers",0.448,0.552,"401816617","1","2","75-54","80-49",0.591,0.624,0.587,0.63,0.81,1.32,4.62,5.2,3.81,3.89,NA,NA,"","","08:10 PM ET"
"2026-08-21","St. Louis Cardinals","Philadelphia Phillies","Final","Philadelphia Phillies","Philadelphia Phillies",0.3829,0.6171,"401816611","6","7","66-64","71-58",0.493,0.55,0.495,0.518,-0.05,0.17,4.56,4.47,4.61,4.3,NA,NA,"","","10:40 PM ET"
"2026-08-21","Toronto Blue Jays","New York Yankees","Final","New York Yankees","New York Yankees",0.3754,0.6246,"401816613","1","3","63-67","73-55",0.497,0.574,0.472,0.591,-0.26,0.83,4.03,4.56,4.28,3.73,NA,NA,"","","11:05 PM ET"
"2026-08-21","San Francisco Giants","Boston Red Sox","Final","Boston Red Sox","Boston Red Sox",0.3044,0.6956,"401816610","4","6","52-76","69-59",0.416,0.544,0.449,0.563,-0.5,0.57,4.21,4.42,4.72,3.85,NA,NA,"","","11:10 PM ET"
"2026-08-21","Washington Nationals","Miami Marlins","Final","Miami Marlins","Miami Marlins",0.3917,0.6083,"401816614","2","3","61-69","65-64",0.46,0.49,0.501,0.503,0.01,0.03,5.11,4.43,5.09,4.4,NA,NA,"","","11:10 PM ET"
"2026-08-21","Tampa Bay Rays","Baltimore Orioles","Final","Baltimore Orioles","Tampa Bay Rays",0.6168,0.3832,"401816612","3","5","76-52","62-67",0.601,0.483,0.542,0.481,0.4,-0.19,4.51,4.5,4.11,4.69,NA,NA,"","","11:15 PM ET"
"2026-08-21","New York Mets","Chicago White Sox","Final","Chicago White Sox","Chicago White Sox",0.4179,0.5821,"401816619","4","6","58-71","67-61",0.466,0.51,0.478,0.524,-0.22,0.24,4.34,4.68,4.56,4.44,NA,NA,"","","11:40 PM ET"
"2026-08-21","Athletics","Houston Astros","Final","Houston Astros","Houston Astros",0.3454,0.6546,"401816616","0","4","49-80","65-64",0.405,0.503,0.386,0.471,-1.26,-0.29,4.37,4.46,5.63,4.75,NA,NA,"","","12:10 AM ET"
"2026-08-21","Detroit Tigers","Kansas City Royals","Final","Kansas City Royals","Kansas City Royals",0.4897,0.5103,"401816618","2","5","61-67","56-74",0.466,0.443,0.546,0.439,0.43,-0.61,4.45,4.25,4.02,4.86,NA,NA,"","","12:10 AM ET"
"2026-08-21","Los Angeles Angels","Texas Rangers","Final","Texas Rangers","Texas Rangers",0.3296,0.6704,"401816615","1","2","51-78","64-65",0.378,0.486,0.446,0.465,-0.51,-0.33,4.05,4.13,4.55,4.46,NA,NA,"","","12:15 AM ET"
"2026-08-21","Cleveland Guardians","Colorado Rockies","Final","Cleveland Guardians","Cleveland Guardians",0.6521,0.3479,"401816620","9","1","63-66","50-78",0.503,0.372,0.49,0.405,-0.09,-1.09,4.07,4.7,4.16,5.79,NA,NA,"","","12:40 AM ET"
"2026-08-21","Cincinnati Reds","Arizona Diamondbacks","Final","Arizona Diamondbacks","Arizona Diamondbacks",0.3825,0.6175,"401816622","0","9","61-68","68-61",0.466,0.534,0.404,0.505,-0.99,0.05,4.19,4.44,5.18,4.39,NA,NA,"","","01:40 AM ET"
"2026-08-21","Minnesota Twins","San Diego Padres","Final","San Diego Padres","San Diego Padres",0.3591,0.6409,"401816623","2","6","63-66","69-60",0.473,0.541,0.465,0.515,-0.37,0.14,4.6,4.28,4.97,4.14,NA,NA,"","","01:40 AM ET"
"2026-08-21","Chicago Cubs","Seattle Mariners","Final","Seattle Mariners","Chicago Cubs",0.5217,0.4783,"401816621","5","6","74-55","61-68",0.557,0.466,0.587,0.445,0.93,-0.51,5.34,3.96,4.41,4.47,NA,NA,"","","02:10 AM ET"
"2026-08-21","Pittsburgh Pirates","Los Angeles Dodgers","Final","Los Angeles Dodgers","Los Angeles Dodgers",0.3248,0.6752,"401816624","4","5","63-67","78-51",0.497,0.608,0.516,0.619,0.17,1.16,4.79,4.98,4.62,3.82,NA,NA,"","","02:10 AM ET"
"2026-08-22","Toronto Blue Jays","New York Yankees","Final","Toronto Blue Jays","New York Yankees",0.3754,0.6246,"401816628","4","3","64-67","73-56",0.497,0.574,0.472,0.591,-0.26,0.83,4.03,4.56,4.28,3.73,NA,NA,"","","05:35 PM ET"
"2026-08-22","Atlanta Braves","Milwaukee Brewers","Final","Milwaukee Brewers","Milwaukee Brewers",0.448,0.552,"401816632","1","4","75-55","81-49",0.591,0.624,0.587,0.63,0.81,1.32,4.62,5.2,3.81,3.89,NA,NA,"","","06:10 PM ET"
"2026-08-22","Washington Nationals","Miami Marlins","Final","Miami Marlins","Miami Marlins",0.3917,0.6083,"401816629","2","4","61-70","66-64",0.46,0.49,0.501,0.503,0.01,0.03,5.11,4.43,5.09,4.4,NA,NA,"","","08:10 PM ET"
"2026-08-22","St. Louis Cardinals","Philadelphia Phillies","Final","Philadelphia Phillies","Philadelphia Phillies",0.3829,0.6171,"401816626","3","12","66-65","72-58",0.493,0.55,0.495,0.518,-0.05,0.17,4.56,4.47,4.61,4.3,NA,NA,"","","10:05 PM ET"
"2026-08-22","Tampa Bay Rays","Baltimore Orioles","Final","Baltimore Orioles","Tampa Bay Rays",0.6168,0.3832,"401816627","2","3","76-53","63-67",0.601,0.483,0.542,0.481,0.4,-0.19,4.51,4.5,4.11,4.69,NA,NA,"","","11:05 PM ET"
"2026-08-22","Los Angeles Angels","Texas Rangers","Final","Los Angeles Angels","Texas Rangers",0.3296,0.6704,"401816630","3","0","52-78","64-66",0.378,0.486,0.446,0.465,-0.51,-0.33,4.05,4.13,4.55,4.46,NA,NA,"","","11:05 PM ET"
"2026-08-22","Athletics","Houston Astros","Final","Athletics","Houston Astros",0.3454,0.6546,"401816631","4","3","50-80","65-65",0.405,0.503,0.386,0.471,-1.26,-0.29,4.37,4.46,5.63,4.75,NA,NA,"","","11:10 PM ET"
"2026-08-22","New York Mets","Chicago White Sox","Final","New York Mets","Chicago White Sox",0.4179,0.5821,"401816634","10","5","59-71","67-62",0.466,0.51,0.478,0.524,-0.22,0.24,4.34,4.68,4.56,4.44,NA,NA,"","","11:10 PM ET"
"2026-08-22","San Francisco Giants","Boston Red Sox","Final","Boston Red Sox","Boston Red Sox",0.3044,0.6956,"401816625","2","3","52-77","70-59",0.416,0.544,0.449,0.563,-0.5,0.57,4.21,4.42,4.72,3.85,NA,NA,"","","11:15 PM ET"
"2026-08-22","Detroit Tigers","Kansas City Royals","Final","Kansas City Royals","Kansas City Royals",0.4897,0.5103,"401816633","1","3","61-68","57-74",0.466,0.443,0.546,0.439,0.43,-0.61,4.45,4.25,4.02,4.86,NA,NA,"","","11:15 PM ET"
"2026-08-22","Chicago Cubs","Seattle Mariners","Final","Seattle Mariners","Chicago Cubs",0.5217,0.4783,"401816636","4","5","74-56","62-68",0.557,0.466,0.587,0.445,0.93,-0.51,5.34,3.96,4.41,4.47,NA,NA,"","","11:15 PM ET"
"2026-08-22","Pittsburgh Pirates","Los Angeles Dodgers","Final","Los Angeles Dodgers","Los Angeles Dodgers",0.3248,0.6752,"401816639","3","4","63-68","79-51",0.497,0.608,0.516,0.619,0.17,1.16,4.79,4.98,4.62,3.82,NA,NA,"","","11:15 PM ET"
"2026-08-22","Cleveland Guardians","Colorado Rockies","Final","Cleveland Guardians","Cleveland Guardians",0.6521,0.3479,"401816635","4","3","64-66","50-79",0.503,0.372,0.49,0.405,-0.09,-1.09,4.07,4.7,4.16,5.79,NA,NA,"","","12:10 AM ET"
"2026-08-22","Cincinnati Reds","Arizona Diamondbacks","Final","Cincinnati Reds","Arizona Diamondbacks",0.3825,0.6175,"401816637","11","5","62-68","68-62",0.466,0.534,0.404,0.505,-0.99,0.05,4.19,4.44,5.18,4.39,NA,NA,"","","12:10 AM ET"
"2026-08-22","Minnesota Twins","San Diego Padres","Final","San Diego Padres","San Diego Padres",0.3591,0.6409,"401816638","5","7","63-67","70-60",0.473,0.541,0.465,0.515,-0.37,0.14,4.6,4.28,4.97,4.14,NA,NA,"","","12:40 AM ET"
"2026-08-23","St. Louis Cardinals","Philadelphia Phillies","Final","Philadelphia Phillies","Philadelphia Phillies",0.3829,0.6171,"401816641","4","6","66-66","73-58",0.493,0.55,0.495,0.518,-0.05,0.17,4.56,4.47,4.61,4.3,NA,NA,"","","05:35 PM ET"
"2026-08-23","Tampa Bay Rays","Baltimore Orioles","Final","Tampa Bay Rays","Tampa Bay Rays",0.6168,0.3832,"401816642","3","1","77-53","63-68",0.601,0.483,0.542,0.481,0.4,-0.19,4.51,4.5,4.11,4.69,NA,NA,"","","05:35 PM ET"
"2026-08-23","Toronto Blue Jays","New York Yankees","Final","New York Yankees","New York Yankees",0.3754,0.6246,"401816643","3","8","64-68","74-56",0.497,0.574,0.472,0.591,-0.26,0.83,4.03,4.56,4.28,3.73,NA,NA,"","","05:35 PM ET"
"2026-08-23","Washington Nationals","Miami Marlins","Final","Miami Marlins","Miami Marlins",0.3917,0.6083,"401816644","2","6","61-71","67-64",0.46,0.49,0.501,0.503,0.01,0.03,5.11,4.43,5.09,4.4,NA,NA,"","","05:40 PM ET"
"2026-08-23","Athletics","Houston Astros","Final","Athletics","Houston Astros",0.3454,0.6546,"401816646","7","6","51-80","65-66",0.405,0.503,0.386,0.471,-1.26,-0.29,4.37,4.46,5.63,4.75,NA,NA,"","","06:10 PM ET"
"2026-08-23","Detroit Tigers","Kansas City Royals","Final","Kansas City Royals","Kansas City Royals",0.4897,0.5103,"401816648","7","11","61-69","58-74",0.466,0.443,0.546,0.439,0.43,-0.61,4.45,4.25,4.02,4.86,NA,NA,"","","06:10 PM ET"
"2026-08-23","New York Mets","Chicago White Sox","Final","Chicago White Sox","Chicago White Sox",0.4179,0.5821,"401816649","1","2","59-72","68-62",0.466,0.51,0.478,0.524,-0.22,0.24,4.34,4.68,4.56,4.44,NA,NA,"","","06:10 PM ET"
"2026-08-23","Los Angeles Angels","Texas Rangers","Final","Texas Rangers","Texas Rangers",0.3296,0.6704,"401816645","3","5","52-79","65-66",0.378,0.486,0.446,0.465,-0.51,-0.33,4.05,4.13,4.55,4.46,NA,NA,"","","06:35 PM ET"
"2026-08-23","Cleveland Guardians","Colorado Rockies","Final","Cleveland Guardians","Cleveland Guardians",0.6521,0.3479,"401816650","7","2","65-66","50-80",0.503,0.372,0.49,0.405,-0.09,-1.09,4.07,4.7,4.16,5.79,NA,NA,"","","07:10 PM ET"
"2026-08-23","San Francisco Giants","Boston Red Sox","Final","Boston Red Sox","Boston Red Sox",0.3044,0.6956,"401816640","4","5","52-78","71-59",0.416,0.544,0.449,0.563,-0.5,0.57,4.21,4.42,4.72,3.85,NA,NA,"","","07:15 PM ET"
"2026-08-23","Chicago Cubs","Seattle Mariners","Final","Chicago Cubs","Chicago Cubs",0.5217,0.4783,"401816651","19","2","75-56","62-69",0.557,0.466,0.587,0.445,0.93,-0.51,5.34,3.96,4.41,4.47,NA,NA,"","","08:10 PM ET"
"2026-08-23","Minnesota Twins","San Diego Padres","Final","San Diego Padres","San Diego Padres",0.3591,0.6409,"401816653","1","8","63-68","71-60",0.473,0.541,0.465,0.515,-0.37,0.14,4.6,4.28,4.97,4.14,NA,NA,"","","08:10 PM ET"
"2026-08-23","Pittsburgh Pirates","Los Angeles Dodgers","Final","Los Angeles Dodgers","Los Angeles Dodgers",0.3248,0.6752,"401816654","0","4","63-69","80-51",0.497,0.608,0.516,0.619,0.17,1.16,4.79,4.98,4.62,3.82,NA,NA,"","","08:10 PM ET"
"2026-08-23","Cincinnati Reds","Arizona Diamondbacks","Final","Arizona Diamondbacks","Arizona Diamondbacks",0.3825,0.6175,"401816652","3","5","62-69","69-62",0.466,0.534,0.404,0.505,-0.99,0.05,4.19,4.44,5.18,4.39,NA,NA,"","","08:15 PM ET"
"2026-08-23","Atlanta Braves","Milwaukee Brewers","Final","Atlanta Braves","Milwaukee Brewers",0.448,0.552,"401816647","4","2","76-55","81-50",0.591,0.624,0.587,0.63,0.81,1.32,4.62,5.2,3.81,3.89,NA,NA,"","","11:00 PM ET"
"2026-08-24","Boston Red Sox","Miami Marlins","Final","Boston Red Sox","Boston Red Sox",0.5389,0.4611,"401816655","4","2","72-59","67-65",0.544,0.49,0.563,0.503,0.57,0.03,4.42,4.43,3.85,4.4,NA,NA,"","","10:40 PM ET"
"2026-08-24","Tampa Bay Rays","Detroit Tigers","Final","Tampa Bay Rays","Tampa Bay Rays",0.6301,0.3699,"401816657","4","1","78-53","61-70",0.601,0.466,0.542,0.546,0.4,0.43,4.51,4.45,4.11,4.02,NA,NA,"","","10:40 PM ET"
"2026-08-24","Colorado Rockies","Washington Nationals","Final","Washington Nationals","Washington Nationals",0.3717,0.6283,"401816656","3","13","50-81","62-71",0.372,0.46,0.405,0.501,-1.09,0.01,4.7,5.11,5.79,5.09,NA,NA,"","","10:45 PM ET"
"2026-08-24","Texas Rangers","Chicago White Sox","Final","Texas Rangers","Chicago White Sox",0.4512,0.5488,"401816658","11","2","66-66","68-63",0.486,0.51,0.465,0.524,-0.33,0.24,4.13,4.68,4.46,4.44,NA,NA,"","","11:40 PM ET"
"2026-08-24","Cleveland Guardians","Los Angeles Angels","Final","Cleveland Guardians","Cleveland Guardians",0.624,0.376,"401816661","4","2","66-66","52-80",0.503,0.378,0.49,0.446,-0.09,-0.51,4.07,4.05,4.16,4.55,NA,NA,"","","01:38 AM ET"
"2026-08-24","Chicago Cubs","Arizona Diamondbacks","Final","Chicago Cubs","Arizona Diamondbacks",0.45,0.55,"401816659","7","0","76-56","69-63",0.557,0.534,0.587,0.505,0.93,0.05,5.34,4.44,4.41,4.39,NA,NA,"","","01:40 AM ET"
"2026-08-24","Minnesota Twins","Athletics","Final","Minnesota Twins","Minnesota Twins",0.5372,0.4628,"401816662","9","6","64-68","51-81",0.473,0.405,0.465,0.386,-0.37,-1.26,4.6,4.37,4.97,5.63,NA,NA,"","","01:40 AM ET"
"2026-08-24","Philadelphia Phillies","Seattle Mariners","Final","Seattle Mariners","Philadelphia Phillies",0.5536,0.4464,"401816663","2","9","73-59","63-69",0.55,0.466,0.518,0.445,0.17,-0.51,4.47,3.96,4.3,4.47,NA,NA,"","","01:40 AM ET"
"2026-08-24","Pittsburgh Pirates","San Diego Padres","Final","Pittsburgh Pirates","San Diego Padres",0.381,0.619,"401816664","3","2","64-69","71-61",0.497,0.541,0.516,0.515,0.17,0.14,4.79,4.28,4.62,4.14,NA,NA,"","","01:40 AM ET"
"2026-08-24","Cincinnati Reds","San Francisco Giants","Final","San Francisco Giants","Cincinnati Reds",0.5269,0.4731,"401816660","0","5","62-70","53-78",0.466,0.416,0.404,0.449,-0.99,-0.5,4.19,4.21,5.18,4.72,NA,NA,"","","01:45 AM ET"
"2026-08-25","Boston Red Sox","Miami Marlins","Final","Boston Red Sox","Boston Red Sox",0.5389,0.4611,"401816665","7","3","73-59","67-66",0.544,0.49,0.563,0.503,0.57,0.03,4.42,4.43,3.85,4.4,NA,NA,"","","10:40 PM ET"
"2026-08-25","Tampa Bay Rays","Detroit Tigers","Final","Detroit Tigers","Tampa Bay Rays",0.6301,0.3699,"401816671","1","4","78-54","62-70",0.601,0.466,0.542,0.546,0.4,0.43,4.51,4.45,4.11,4.02,NA,NA,"","","10:40 PM ET"
"2026-08-25","Colorado Rockies","Washington Nationals","Final","Colorado Rockies","Washington Nationals",0.3717,0.6283,"401816666","3","1","51-81","62-72",0.372,0.46,0.405,0.501,-1.09,0.01,4.7,5.11,5.79,5.09,NA,NA,"","","10:45 PM ET"
"2026-08-25","Houston Astros","New York Yankees","Final","Houston Astros","New York Yankees",0.365,0.635,"401816667","9","7","66-66","74-57",0.503,0.574,0.471,0.591,-0.29,0.83,4.46,4.56,4.75,3.73,NA,NA,"","","11:05 PM ET"
"2026-08-25","Kansas City Royals","Toronto Blue Jays","Final","Kansas City Royals","Toronto Blue Jays",0.382,0.618,"401816668","5","3","59-74","64-69",0.443,0.497,0.439,0.472,-0.61,-0.26,4.25,4.03,4.86,4.28,NA,NA,"","","11:07 PM ET"
"2026-08-25","Milwaukee Brewers","New York Mets","Final","New York Mets","Milwaukee Brewers",0.6309,0.3691,"401816670","2","3","81-51","60-72",0.624,0.466,0.63,0.478,1.32,-0.22,5.2,4.34,3.89,4.56,NA,NA,"","","11:10 PM ET"
"2026-08-25","Los Angeles Dodgers","Atlanta Braves","Final","Atlanta Braves","Atlanta Braves",0.4664,0.5336,"401816669","3","4","80-52","77-55",0.608,0.591,0.619,0.587,1.16,0.81,4.98,4.62,3.82,3.81,NA,NA,"","","11:15 PM ET"
"2026-08-25","Texas Rangers","Chicago White Sox","Final","Chicago White Sox","Chicago White Sox",0.4512,0.5488,"401816673","7","11","66-67","69-63",0.486,0.51,0.465,0.524,-0.33,0.24,4.13,4.68,4.46,4.44,NA,NA,"","","11:40 PM ET"
"2026-08-25","Baltimore Orioles","St. Louis Cardinals","Final","Baltimore Orioles","St. Louis Cardinals",0.4502,0.5498,"401816672","13","1","64-68","66-67",0.483,0.493,0.481,0.495,-0.19,-0.05,4.5,4.56,4.69,4.61,NA,NA,"","","11:45 PM ET"
"2026-08-25","Cleveland Guardians","Los Angeles Angels","Final","Cleveland Guardians","Cleveland Guardians",0.624,0.376,"401816676","8","6","67-66","52-81",0.503,0.378,0.49,0.446,-0.09,-0.51,4.07,4.05,4.16,4.55,NA,NA,"","","01:38 AM ET"
"2026-08-25","Chicago Cubs","Arizona Diamondbacks","Final","Arizona Diamondbacks","Arizona Diamondbacks",0.45,0.55,"401816674","4","5","76-57","70-63",0.557,0.534,0.587,0.505,0.93,0.05,5.34,4.44,4.41,4.39,NA,NA,"","","01:40 AM ET"
"2026-08-25","Minnesota Twins","Athletics","Final","Athletics","Minnesota Twins",0.5372,0.4628,"401816677","2","4","64-69","52-81",0.473,0.405,0.465,0.386,-0.37,-1.26,4.6,4.37,4.97,5.63,NA,NA,"","","01:40 AM ET"
"2026-08-25","Philadelphia Phillies","Seattle Mariners","Final","Seattle Mariners","Philadelphia Phillies",0.5536,0.4464,"401816678","1","4","73-60","64-69",0.55,0.466,0.518,0.445,0.17,-0.51,4.47,3.96,4.3,4.47,NA,NA,"","","01:40 AM ET"
"2026-08-25","Pittsburgh Pirates","San Diego Padres","Final","Pittsburgh Pirates","San Diego Padres",0.381,0.619,"401816679","1","0","65-69","71-62",0.497,0.541,0.516,0.515,0.17,0.14,4.79,4.28,4.62,4.14,NA,NA,"","","01:40 AM ET"
"2026-08-25","Cincinnati Reds","San Francisco Giants","Final","San Francisco Giants","Cincinnati Reds",0.5269,0.4731,"401816675","1","3","62-71","54-78",0.466,0.416,0.404,0.449,-0.99,-0.5,4.19,4.21,5.18,4.72,NA,NA,"","","01:45 AM ET"
"2026-08-26","Tampa Bay Rays","Detroit Tigers","Final","Tampa Bay Rays","Tampa Bay Rays",0.6301,0.3699,"401816686","3","0","79-54","62-71",0.601,0.466,0.542,0.546,0.4,0.43,4.51,4.45,4.11,4.02,NA,NA,"","","05:10 PM ET"
"2026-08-26","Chicago Cubs","Arizona Diamondbacks","Final","Arizona Diamondbacks","Arizona Diamondbacks",0.45,0.55,"401816689","0","2","76-58","71-63",0.557,0.534,0.587,0.505,0.93,0.05,5.34,4.44,4.41,4.39,NA,NA,"","","07:40 PM ET"
"2026-08-26","Cincinnati Reds","San Francisco Giants","Final","Cincinnati Reds","Cincinnati Reds",0.5269,0.4731,"401816690","10","9","63-71","54-79",0.466,0.416,0.404,0.449,-0.99,-0.5,4.19,4.21,5.18,4.72,NA,NA,"","","07:45 PM ET"
"2026-08-26","Cleveland Guardians","Los Angeles Angels","Final","Cleveland Guardians","Cleveland Guardians",0.624,0.376,"401816691","4","3","68-66","52-82",0.503,0.378,0.49,0.446,-0.09,-0.51,4.07,4.05,4.16,4.55,NA,NA,"","","08:07 PM ET"
"2026-08-26","Philadelphia Phillies","Seattle Mariners","Final","Philadelphia Phillies","Philadelphia Phillies",0.5536,0.4464,"401816693","6","0","74-60","64-70",0.55,0.466,0.518,0.445,0.17,-0.51,4.47,3.96,4.3,4.47,NA,NA,"","","08:10 PM ET"
"2026-08-26","Pittsburgh Pirates","San Diego Padres","Final","San Diego Padres","San Diego Padres",0.381,0.619,"401816694","0","3","65-70","72-62",0.497,0.541,0.516,0.515,0.17,0.14,4.79,4.28,4.62,4.14,NA,NA,"","","08:10 PM ET"
"2026-08-26","Boston Red Sox","Miami Marlins","Final","Miami Marlins","Boston Red Sox",0.5389,0.4611,"401816680","0","4","73-60","68-66",0.544,0.49,0.563,0.503,0.57,0.03,4.42,4.43,3.85,4.4,NA,NA,"","","10:40 PM ET"
"2026-08-26","Colorado Rockies","Washington Nationals","Final","Colorado Rockies","Washington Nationals",0.3717,0.6283,"401816681","13","1","52-81","62-73",0.372,0.46,0.405,0.501,-1.09,0.01,4.7,5.11,5.79,5.09,NA,NA,"","","10:45 PM ET"
"2026-08-26","Houston Astros","New York Yankees","Final","New York Yankees","New York Yankees",0.365,0.635,"401816682","3","9","66-67","75-57",0.503,0.574,0.471,0.591,-0.29,0.83,4.46,4.56,4.75,3.73,NA,NA,"","","11:05 PM ET"
"2026-08-26","Kansas City Royals","Toronto Blue Jays","Final","Toronto Blue Jays","Toronto Blue Jays",0.382,0.618,"401816683","0","3","59-75","65-69",0.443,0.497,0.439,0.472,-0.61,-0.26,4.25,4.03,4.86,4.28,NA,NA,"","","11:07 PM ET"
"2026-08-26","Milwaukee Brewers","New York Mets","Final","Milwaukee Brewers","Milwaukee Brewers",0.6309,0.3691,"401816685","8","1","82-51","60-73",0.624,0.466,0.63,0.478,1.32,-0.22,5.2,4.34,3.89,4.56,NA,NA,"","","11:10 PM ET"
"2026-08-26","Los Angeles Dodgers","Atlanta Braves","Final","Atlanta Braves","Atlanta Braves",0.4664,0.5336,"401816684","5","6","80-53","78-55",0.608,0.591,0.619,0.587,1.16,0.81,4.98,4.62,3.82,3.81,NA,NA,"","","11:15 PM ET"
"2026-08-26","Texas Rangers","Chicago White Sox","Final","Chicago White Sox","Chicago White Sox",0.4512,0.5488,"401816688","4","10","66-68","70-63",0.486,0.51,0.465,0.524,-0.33,0.24,4.13,4.68,4.46,4.44,NA,NA,"","","11:40 PM ET"
"2026-08-26","Baltimore Orioles","St. Louis Cardinals","Final","Baltimore Orioles","St. Louis Cardinals",0.4502,0.5498,"401816687","8","7","65-68","66-68",0.483,0.493,0.481,0.495,-0.19,-0.05,4.5,4.56,4.69,4.61,NA,NA,"","","11:45 PM ET"
"2026-08-26","Minnesota Twins","Athletics","Final","Athletics","Minnesota Twins",0.5372,0.4628,"401816692","4","7","64-70","53-81",0.473,0.405,0.465,0.386,-0.37,-1.26,4.6,4.37,4.97,5.63,NA,NA,"","","01:05 AM ET"
"2026-08-27","Colorado Rockies","Washington Nationals","Final","Washington Nationals","Washington Nationals",0.3717,0.6283,"401816695","1","7","52-82","63-73",0.372,0.46,0.405,0.501,-1.09,0.01,4.7,5.11,5.79,5.09,NA,NA,"","","05:05 PM ET"
"2026-08-27","Baltimore Orioles","St. Louis Cardinals","Final","St. Louis Cardinals","St. Louis Cardinals",0.4502,0.5498,"401816700","5","7","65-69","67-68",0.483,0.493,0.481,0.495,-0.19,-0.05,4.5,4.56,4.69,4.61,NA,NA,"","","06:15 PM ET"
"2026-08-27","Houston Astros","New York Yankees","Final","Houston Astros","New York Yankees",0.365,0.635,"401816696","5","1","67-67","75-58",0.503,0.574,0.471,0.591,-0.29,0.83,4.46,4.56,4.75,3.73,NA,NA,"","","11:05 PM ET"
"2026-08-27","Kansas City Royals","Toronto Blue Jays","Final","Kansas City Royals","Toronto Blue Jays",0.382,0.618,"401816697","13","2","60-75","65-70",0.443,0.497,0.439,0.472,-0.61,-0.26,4.25,4.03,4.86,4.28,NA,NA,"","","11:07 PM ET"
"2026-08-27","Milwaukee Brewers","New York Mets","Final","Milwaukee Brewers","Milwaukee Brewers",0.6309,0.3691,"401816699","8","2","83-51","60-74",0.624,0.466,0.63,0.478,1.32,-0.22,5.2,4.34,3.89,4.56,NA,NA,"","","11:10 PM ET"
"2026-08-27","Los Angeles Dodgers","Atlanta Braves","Final","Atlanta Braves","Atlanta Braves",0.4664,0.5336,"401816698","0","1","80-54","79-55",0.608,0.591,0.619,0.587,1.16,0.81,4.98,4.62,3.82,3.81,NA,NA,"","","11:15 PM ET"
"2026-08-27","Arizona Diamondbacks","San Francisco Giants","Final","San Francisco Giants","Arizona Diamondbacks",0.6061,0.3939,"401816701","1","6","71-64","55-79",0.534,0.416,0.505,0.449,0.05,-0.5,4.44,4.21,4.39,4.72,NA,NA,"","","01:45 AM ET"
"2026-08-28","Cincinnati Reds","Chicago Cubs","Final","Cincinnati Reds","Chicago Cubs",0.3932,0.6068,"401816711","10","8","64-71","76-59",0.466,0.557,0.404,0.587,-0.99,0.93,4.19,5.34,5.18,4.41,NA,NA,"","","06:20 PM ET"
"2026-08-28","Los Angeles Dodgers","Detroit Tigers","Final","Los Angeles Dodgers","Los Angeles Dodgers",0.6227,0.3773,"401816706","2","1","81-54","62-72",0.608,0.466,0.619,0.546,1.16,0.43,4.98,4.45,3.82,4.02,NA,NA,"","","10:40 PM ET"
"2026-08-28","Miami Marlins","Washington Nationals","Final","Washington Nationals","Miami Marlins",0.5322,0.4678,"401816707","2","9","68-67","64-73",0.49,0.46,0.503,0.501,0.03,0.01,4.43,5.11,4.4,5.09,NA,NA,"","","10:45 PM ET"
"2026-08-28","Houston Astros","New York Mets","Final","Houston Astros","Houston Astros",0.5032,0.4968,"401816704","3","1","68-67","60-75",0.503,0.466,0.471,0.478,-0.29,-0.22,4.46,4.34,4.75,4.56,NA,NA,"","","11:10 PM ET"
"2026-08-28","Kansas City Royals","Cleveland Guardians","Final","Kansas City Royals","Cleveland Guardians",0.3749,0.6251,"401816705","3","0","61-75","68-67",0.443,0.503,0.439,0.49,-0.61,-0.09,4.25,4.07,4.86,4.16,NA,NA,"","","11:10 PM ET"
"2026-08-28","San Diego Padres","Tampa Bay Rays","Final","Tampa Bay Rays","Tampa Bay Rays",0.3933,0.6067,"401816708","4","9","72-63","80-54",0.541,0.601,0.515,0.542,0.14,0.4,4.28,4.51,4.14,4.11,NA,NA,"","","11:10 PM ET"
"2026-08-28","Boston Red Sox","New York Yankees","Final","New York Yankees","New York Yankees",0.4263,0.5737,"401816702","0","1","73-61","76-58",0.544,0.574,0.563,0.591,0.57,0.83,4.42,4.56,3.85,3.73,NA,NA,"","","11:15 PM ET"
"2026-08-28","Colorado Rockies","Atlanta Braves","Final","Atlanta Braves","Atlanta Braves",0.2085,0.7915,"401816703","4","6","52-83","80-55",0.372,0.591,0.405,0.587,-1.09,0.81,4.7,4.62,5.79,3.81,NA,NA,"","","11:15 PM ET"
"2026-08-28","Seattle Mariners","Toronto Blue Jays","Final","Toronto Blue Jays","Toronto Blue Jays",0.4219,0.5781,"401816709","1","8","64-71","66-70",0.466,0.497,0.445,0.472,-0.51,-0.26,3.96,4.03,4.47,4.28,NA,NA,"","","11:15 PM ET"
"2026-08-28","Texas Rangers","Milwaukee Brewers","Final","Milwaukee Brewers","Milwaukee Brewers",0.3293,0.6707,"401816713","1","6","66-69","84-51",0.486,0.624,0.465,0.63,-0.33,1.32,4.13,5.2,4.46,3.89,NA,NA,"","","11:40 PM ET"
"2026-08-28","Chicago White Sox","Minnesota Twins","Final","Chicago White Sox","Chicago White Sox",0.5077,0.4923,"401816710","7","4","71-63","64-71",0.51,0.473,0.524,0.465,0.24,-0.37,4.68,4.6,4.44,4.97,NA,NA,"","","12:10 AM ET"
"2026-08-28","Pittsburgh Pirates","St. Louis Cardinals","Final","St. Louis Cardinals","St. Louis Cardinals",0.4562,0.5438,"401816712","1","4","65-71","68-68",0.497,0.493,0.516,0.495,0.17,-0.05,4.79,4.56,4.62,4.61,NA,NA,"","","12:15 AM ET"
"2026-08-28","Philadelphia Phillies","Los Angeles Angels","Final","Philadelphia Phillies","Philadelphia Phillies",0.6654,0.3346,"401816716","5","3","75-60","52-83",0.55,0.378,0.518,0.446,0.17,-0.51,4.47,4.05,4.3,4.55,NA,NA,"","","01:38 AM ET"
"2026-08-28","Baltimore Orioles","Athletics","Final","Baltimore Orioles","Baltimore Orioles",0.5545,0.4455,"401816715","4","3","66-69","53-82",0.483,0.405,0.481,0.386,-0.19,-1.26,4.5,4.37,4.69,5.63,NA,NA,"","","01:40 AM ET"
"2026-08-28","Arizona Diamondbacks","San Francisco Giants","Final","Arizona Diamondbacks","Arizona Diamondbacks",0.6061,0.3939,"401816714","10","6","72-64","55-80",0.534,0.416,0.505,0.449,0.05,-0.5,4.44,4.21,4.39,4.72,NA,NA,"","","02:15 AM ET"
"2026-08-29","Boston Red Sox","New York Yankees","Final","Boston Red Sox","New York Yankees",0.4263,0.5737,"401874913","6","0","74-61","76-59",0.544,0.574,0.563,0.591,0.57,0.83,4.42,4.56,3.85,3.73,NA,NA,"","","05:05 PM ET"
"2026-08-29","Los Angeles Dodgers","Detroit Tigers","Final","Detroit Tigers","Los Angeles Dodgers",0.6227,0.3773,"401816721","1","2","81-55","63-72",0.608,0.466,0.619,0.546,1.16,0.43,4.98,4.45,3.82,4.02,NA,NA,"","","05:10 PM ET"
"2026-08-29","Chicago White Sox","Minnesota Twins","Final","Chicago White Sox","Chicago White Sox",0.5077,0.4923,"401816725","3","2","72-63","64-72",0.51,0.473,0.524,0.465,0.24,-0.37,4.68,4.6,4.44,4.97,NA,NA,"","","06:10 PM ET"
"2026-08-29","Pittsburgh Pirates","St. Louis Cardinals","Final","Pittsburgh Pirates","St. Louis Cardinals",0.4562,0.5438,"401816727","6","2","66-71","68-69",0.497,0.493,0.516,0.495,0.17,-0.05,4.79,4.56,4.62,4.61,NA,NA,"","","06:15 PM ET"
"2026-08-29","Cincinnati Reds","Chicago Cubs","Final","Chicago Cubs","Chicago Cubs",0.3932,0.6068,"401816726","5","17","64-72","77-59",0.466,0.557,0.404,0.587,-0.99,0.93,4.19,5.34,5.18,4.41,NA,NA,"","","06:20 PM ET"
"2026-08-29","Seattle Mariners","Toronto Blue Jays","Final","Toronto Blue Jays","Toronto Blue Jays",0.4219,0.5781,"401816724","3","4","64-72","67-70",0.466,0.497,0.445,0.472,-0.51,-0.26,3.96,4.03,4.47,4.28,NA,NA,"","","07:07 PM ET"
"2026-08-29","Miami Marlins","Washington Nationals","Final","Washington Nationals","Miami Marlins",0.5322,0.4678,"401816722","4","5","68-68","65-73",0.49,0.46,0.503,0.501,0.03,0.01,4.43,5.11,4.4,5.09,NA,NA,"","","08:05 PM ET"
"2026-08-29","Arizona Diamondbacks","San Francisco Giants","Final","Arizona Diamondbacks","Arizona Diamondbacks",0.6061,0.3939,"401816744","7","1","73-64","55-81",0.534,0.416,0.505,0.449,0.05,-0.5,4.44,4.21,4.39,4.72,NA,NA,"","","08:05 PM ET"
"2026-08-29","Colorado Rockies","Atlanta Braves","Final","Atlanta Braves","Atlanta Braves",0.2085,0.7915,"401816718","1","2","52-84","81-55",0.372,0.591,0.405,0.587,-1.09,0.81,4.7,4.62,5.79,3.81,NA,NA,"","","08:10 PM ET"
"2026-08-29","Houston Astros","New York Mets","Final","New York Mets","Houston Astros",0.5032,0.4968,"401816719","2","6","68-68","61-75",0.503,0.466,0.471,0.478,-0.29,-0.22,4.46,4.34,4.75,4.56,NA,NA,"","","08:10 PM ET"
"2026-08-29","Kansas City Royals","Cleveland Guardians","Final","Kansas City Royals","Cleveland Guardians",0.3749,0.6251,"401816720","8","3","62-75","68-68",0.443,0.503,0.439,0.49,-0.61,-0.09,4.25,4.07,4.86,4.16,NA,NA,"","","08:10 PM ET"
"2026-08-29","San Diego Padres","Tampa Bay Rays","Final","Tampa Bay Rays","Tampa Bay Rays",0.3933,0.6067,"401816723","6","7","72-64","81-54",0.541,0.601,0.515,0.542,0.14,0.4,4.28,4.51,4.14,4.11,NA,NA,"","","08:10 PM ET"
"2026-08-29","Texas Rangers","Milwaukee Brewers","Final","Milwaukee Brewers","Milwaukee Brewers",0.3293,0.6707,"401816728","3","5","66-70","85-51",0.486,0.624,0.465,0.63,-0.33,1.32,4.13,5.2,4.46,3.89,NA,NA,"","","11:15 PM ET"
"2026-08-29","Baltimore Orioles","Athletics","Final","Baltimore Orioles","Baltimore Orioles",0.5545,0.4455,"401816730","5","3","67-69","53-83",0.483,0.405,0.481,0.386,-0.19,-1.26,4.5,4.37,4.69,5.63,NA,NA,"","","02:05 AM ET"
"2026-08-29","Philadelphia Phillies","Los Angeles Angels","Final","Philadelphia Phillies","Philadelphia Phillies",0.6654,0.3346,"401816731","4","2","76-60","52-84",0.55,0.378,0.518,0.446,0.17,-0.51,4.47,4.05,4.3,4.55,NA,NA,"","","02:07 AM ET"
"2026-08-30","Miami Marlins","Washington Nationals","Final","Miami Marlins","Miami Marlins",0.5322,0.4678,"401816737","6","2","69-68","65-74",0.49,0.46,0.503,0.501,0.03,0.01,4.43,5.11,4.4,5.09,NA,NA,"","","04:15 PM ET"
"2026-08-30","Boston Red Sox","New York Yankees","Final","New York Yankees","New York Yankees",0.4263,0.5737,"401816732","1","16","74-63","78-59",0.544,0.574,0.563,0.591,0.57,0.83,4.42,4.56,3.85,3.73,NA,NA,"","","05:35 PM ET"
"2026-08-30","Colorado Rockies","Atlanta Braves","Final","Atlanta Braves","Atlanta Braves",0.2085,0.7915,"401816733","2","3","52-85","82-55",0.372,0.591,0.405,0.587,-1.09,0.81,4.7,4.62,5.79,3.81,NA,NA,"","","05:35 PM ET"
"2026-08-30","Seattle Mariners","Toronto Blue Jays","Final","Toronto Blue Jays","Toronto Blue Jays",0.4219,0.5781,"401816739","0","7","64-73","68-70",0.466,0.497,0.445,0.472,-0.51,-0.26,3.96,4.03,4.47,4.28,NA,NA,"","","05:37 PM ET"
"2026-08-30","Kansas City Royals","Cleveland Guardians","Final","Cleveland Guardians","Cleveland Guardians",0.3749,0.6251,"401816735","1","11","62-76","69-68",0.443,0.503,0.439,0.49,-0.61,-0.09,4.25,4.07,4.86,4.16,NA,NA,"","","05:40 PM ET"
"2026-08-30","Los Angeles Dodgers","Detroit Tigers","Final","Los Angeles Dodgers","Los Angeles Dodgers",0.6227,0.3773,"401816736","6","1","82-55","63-73",0.608,0.466,0.619,0.546,1.16,0.43,4.98,4.45,3.82,4.02,NA,NA,"","","05:40 PM ET"
"2026-08-30","San Diego Padres","Tampa Bay Rays","Final","Tampa Bay Rays","Tampa Bay Rays",0.3933,0.6067,"401816738","4","5","72-65","82-54",0.541,0.601,0.515,0.542,0.14,0.4,4.28,4.51,4.14,4.11,NA,NA,"","","05:40 PM ET"
"2026-08-30","Chicago White Sox","Minnesota Twins","Final","Minnesota Twins","Chicago White Sox",0.5077,0.4923,"401816740","1","5","72-64","65-72",0.51,0.473,0.524,0.465,0.24,-0.37,4.68,4.6,4.44,4.97,NA,NA,"","","06:10 PM ET"
"2026-08-30","Texas Rangers","Milwaukee Brewers","Final","Texas Rangers","Milwaukee Brewers",0.3293,0.6707,"401816743","7","4","67-70","85-52",0.486,0.624,0.465,0.63,-0.33,1.32,4.13,5.2,4.46,3.89,NA,NA,"","","06:10 PM ET"
"2026-08-30","Pittsburgh Pirates","St. Louis Cardinals","Final","Pittsburgh Pirates","St. Louis Cardinals",0.4562,0.5438,"401816742","5","4","67-71","68-70",0.497,0.493,0.516,0.495,0.17,-0.05,4.79,4.56,4.62,4.61,NA,NA,"","","06:15 PM ET"
"2026-08-30","Houston Astros","New York Mets","Final","Houston Astros","Houston Astros",0.5032,0.4968,"401816734","6","3","69-68","61-76",0.503,0.466,0.471,0.478,-0.29,-0.22,4.46,4.34,4.75,4.56,NA,NA,"","","07:10 PM ET"
"2026-08-30","Baltimore Orioles","Athletics","Final","Baltimore Orioles","Baltimore Orioles",0.5545,0.4455,"401816745","8","5","68-69","53-84",0.483,0.405,0.481,0.386,-0.19,-1.26,4.5,4.37,4.69,5.63,NA,NA,"","","08:05 PM ET"
"2026-08-30","Philadelphia Phillies","Los Angeles Angels","Final","Philadelphia Phillies","Philadelphia Phillies",0.6654,0.3346,"401816746","5","2","77-60","52-85",0.55,0.378,0.518,0.446,0.17,-0.51,4.47,4.05,4.3,4.55,NA,NA,"","","08:07 PM ET"
"2026-08-30","Cincinnati Reds","Chicago Cubs","Final","Cincinnati Reds","Chicago Cubs",0.3932,0.6068,"401816741","7","5","65-72","77-60",0.466,0.557,0.404,0.587,-0.99,0.93,4.19,5.34,5.18,4.41,NA,NA,"","","11:20 PM ET"
"2026-08-31","San Francisco Giants","Atlanta Braves","Final","San Francisco Giants","Atlanta Braves",0.2613,0.7387,"401878657","7","3","57-81","82-56",0.416,0.591,0.449,0.587,-0.5,0.81,4.21,4.62,4.72,3.81,NA,NA,"","","10:05 PM ET"
"2026-08-31","New York Mets","Tampa Bay Rays","Final","New York Mets","Tampa Bay Rays",0.3002,0.6998,"401816748","3","2","62-76","82-55",0.466,0.601,0.478,0.542,-0.22,0.4,4.34,4.51,4.56,4.11,NA,NA,"","","10:40 PM ET"
"2026-08-31","San Diego Padres","Cincinnati Reds","Final","San Diego Padres","San Diego Padres",0.5595,0.4405,"401816749","5","0","73-65","65-73",0.541,0.466,0.515,0.404,0.14,-0.99,4.28,4.19,4.14,5.18,NA,NA,"","","10:40 PM ET"
"2026-08-31","Miami Marlins","Washington Nationals","Final","Washington Nationals","Miami Marlins",0.5322,0.4678,"401816747","3","6","69-69","66-74",0.49,0.46,0.503,0.501,0.03,0.01,4.43,5.11,4.4,5.09,NA,NA,"","","10:45 PM ET"
"2026-08-31","Seattle Mariners","Boston Red Sox","Final","Boston Red Sox","Boston Red Sox",0.3712,0.6288,"401816750","8","9","64-74","75-63",0.466,0.544,0.445,0.563,-0.51,0.57,3.96,4.42,4.47,3.85,NA,NA,"","","10:45 PM ET"
"2026-08-31","Detroit Tigers","Minnesota Twins","Final","Minnesota Twins","Minnesota Twins",0.4644,0.5356,"401816753","1","11","63-74","66-72",0.466,0.473,0.546,0.465,0.43,-0.37,4.45,4.6,4.02,4.97,NA,NA,"","","11:40 PM ET"
"2026-08-31","Milwaukee Brewers","Chicago Cubs","Final","Chicago Cubs","Milwaukee Brewers",0.5595,0.4405,"401816754","3","17","85-53","78-60",0.624,0.557,0.63,0.587,1.32,0.93,5.2,5.34,3.89,4.41,NA,NA,"","","11:40 PM ET"
"2026-08-31","Athletics","Texas Rangers","Final","Texas Rangers","Texas Rangers",0.3528,0.6472,"401816751","1","8","53-85","68-70",0.405,0.486,0.386,0.465,-1.26,-0.33,4.37,4.13,5.63,4.46,NA,NA,"","","12:05 AM ET"
"2026-08-31","Chicago White Sox","Houston Astros","Final","Houston Astros","Houston Astros",0.463,0.537,"401816752","3","6","72-65","70-68",0.51,0.503,0.524,0.471,0.24,-0.29,4.68,4.46,4.44,4.75,NA,NA,"","","12:10 AM ET"
"2026-08-31","Baltimore Orioles","Colorado Rockies","Final","Baltimore Orioles","Baltimore Orioles",0.6091,0.3909,"401816755","2","1","69-69","52-86",0.483,0.372,0.481,0.405,-0.19,-1.09,4.5,4.7,4.69,5.79,NA,NA,"","","12:40 AM ET"
"2026-08-31","New York Yankees","Los Angeles Angels","Final","Los Angeles Angels","New York Yankees",0.6963,0.3037,"401816756","1","10","78-60","53-85",0.574,0.378,0.591,0.446,0.83,-0.51,4.56,4.05,3.73,4.55,NA,NA,"","","01:38 AM ET"
"2026-08-31","Philadelphia Phillies","Arizona Diamondbacks","Final","Philadelphia Phillies","Arizona Diamondbacks",0.4819,0.5181,"401816757","2","1","78-60","73-66",0.55,0.534,0.518,0.505,0.17,0.05,4.47,4.44,4.3,4.39,NA,NA,"","","01:40 AM ET"
"2026-09-01","New York Mets","Tampa Bay Rays","Final","Tampa Bay Rays","Tampa Bay Rays",0.3002,0.6998,"401816759","2","6","62-77","83-55",0.466,0.601,0.478,0.542,-0.22,0.4,4.34,4.51,4.56,4.11,NA,NA,"","","10:40 PM ET"
"2026-09-01","San Diego Padres","Cincinnati Reds","Final","Cincinnati Reds","San Diego Padres",0.5595,0.4405,"401816760","3","4","73-66","66-73",0.541,0.466,0.515,0.404,0.14,-0.99,4.28,4.19,4.14,5.18,NA,NA,"","","10:40 PM ET"
"2026-09-01","San Francisco Giants","Pittsburgh Pirates","Final","Pittsburgh Pirates","Pittsburgh Pirates",0.3813,0.6187,"401816762","12","13","57-82","68-71",0.416,0.497,0.449,0.516,-0.5,0.17,4.21,4.79,4.72,4.62,NA,NA,"","","10:40 PM ET"
"2026-09-01","Toronto Blue Jays","Cleveland Guardians","Final","Cleveland Guardians","Cleveland Guardians",0.4536,0.5464,"401816763","1","6","68-71","70-68",0.497,0.503,0.472,0.49,-0.26,-0.09,4.03,4.07,4.28,4.16,NA,NA,"","","10:40 PM ET"
"2026-09-01","Atlanta Braves","Washington Nationals","Final","Washington Nationals","Atlanta Braves",0.6577,0.3423,"401816758","5","9","82-57","67-74",0.591,0.46,0.587,0.501,0.81,0.01,4.62,5.11,3.81,5.09,NA,NA,"","","10:45 PM ET"
"2026-09-01","Seattle Mariners","Boston Red Sox","Final","Seattle Mariners","Boston Red Sox",0.3712,0.6288,"401816761","9","6","65-74","75-64",0.466,0.544,0.445,0.563,-0.51,0.57,3.96,4.42,4.47,3.85,NA,NA,"","","10:45 PM ET"
"2026-09-01","Detroit Tigers","Minnesota Twins","Final","Minnesota Twins","Minnesota Twins",0.4644,0.5356,"401816766","2","15","63-75","67-72",0.466,0.473,0.546,0.465,0.43,-0.37,4.45,4.6,4.02,4.97,NA,NA,"","","11:40 PM ET"
"2026-09-01","Miami Marlins","Kansas City Royals","Final","Miami Marlins","Miami Marlins",0.5175,0.4825,"401816767","6","3","70-69","62-77",0.49,0.443,0.503,0.439,0.03,-0.61,4.43,4.25,4.4,4.86,NA,NA,"","","11:40 PM ET"
"2026-09-01","Milwaukee Brewers","Chicago Cubs","Final","Milwaukee Brewers","Milwaukee Brewers",0.5595,0.4405,"401816768","9","4","86-53","78-61",0.624,0.557,0.63,0.587,1.32,0.93,5.2,5.34,3.89,4.41,NA,NA,"","","11:40 PM ET"
"2026-09-01","Athletics","Texas Rangers","Final","Texas Rangers","Texas Rangers",0.3528,0.6472,"401816764","5","8","53-86","69-70",0.405,0.486,0.386,0.465,-1.26,-0.33,4.37,4.13,5.63,4.46,NA,NA,"","","12:05 AM ET"
"2026-09-01","Chicago White Sox","Houston Astros","Final","Chicago White Sox","Houston Astros",0.463,0.537,"401816765","5","1","73-65","70-69",0.51,0.503,0.524,0.471,0.24,-0.29,4.68,4.46,4.44,4.75,NA,NA,"","","12:10 AM ET"
"2026-09-01","Baltimore Orioles","Colorado Rockies","Final","Colorado Rockies","Baltimore Orioles",0.6091,0.3909,"401816769","2","4","69-70","53-86",0.483,0.372,0.481,0.405,-0.19,-1.09,4.5,4.7,4.69,5.79,NA,NA,"","","12:40 AM ET"
"2026-09-01","New York Yankees","Los Angeles Angels","Final","New York Yankees","New York Yankees",0.6963,0.3037,"401816770","7","3","79-60","53-86",0.574,0.378,0.591,0.446,0.83,-0.51,4.56,4.05,3.73,4.55,NA,NA,"","","01:38 AM ET"
"2026-09-01","Philadelphia Phillies","Arizona Diamondbacks","Final","Philadelphia Phillies","Arizona Diamondbacks",0.4819,0.5181,"401816771","7","1","79-60","73-67",0.55,0.534,0.518,0.505,0.17,0.05,4.47,4.44,4.3,4.39,NA,NA,"","","01:40 AM ET"
"2026-09-01","St. Louis Cardinals","Los Angeles Dodgers","Final","St. Louis Cardinals","Los Angeles Dodgers",0.3292,0.6708,"401816772","13","8","69-70","82-56",0.493,0.608,0.495,0.619,-0.05,1.16,4.56,4.98,4.61,3.82,NA,NA,"","","02:10 AM ET"
"2026-09-02","San Diego Padres","Cincinnati Reds","Final","Cincinnati Reds","San Diego Padres",0.5595,0.4405,"401816775","3","7","73-67","67-73",0.541,0.466,0.515,0.404,0.14,-0.99,4.28,4.19,4.14,5.18,NA,NA,"","","04:40 PM ET"
"2026-09-02","Atlanta Braves","Washington Nationals","Final","Atlanta Braves","Atlanta Braves",0.6577,0.3423,"401816773","9","0","83-57","67-75",0.591,0.46,0.587,0.501,0.81,0.01,4.62,5.11,3.81,5.09,NA,NA,"","","05:05 PM ET"
"2026-09-02","Athletics","Texas Rangers","Final","Athletics","Texas Rangers",0.3528,0.6472,"401816779","9","2","54-86","69-71",0.405,0.486,0.386,0.465,-1.26,-0.33,4.37,4.13,5.63,4.46,NA,NA,"","","06:35 PM ET"
"2026-09-02","Baltimore Orioles","Colorado Rockies","Final","Colorado Rockies","Baltimore Orioles",0.6091,0.3909,"401816784","5","6","69-71","54-86",0.483,0.372,0.481,0.405,-0.19,-1.09,4.5,4.7,4.69,5.79,NA,NA,"","","07:10 PM ET"
"2026-09-02","Philadelphia Phillies","Arizona Diamondbacks","Final","Arizona Diamondbacks","Arizona Diamondbacks",0.4819,0.5181,"401816786","0","1","79-61","74-67",0.55,0.534,0.518,0.505,0.17,0.05,4.47,4.44,4.3,4.39,NA,NA,"","","07:40 PM ET"
"2026-09-02","Seattle Mariners","Boston Red Sox","Final","Seattle Mariners","Boston Red Sox",0.3712,0.6288,"401816776","8","3","66-74","75-65",0.466,0.544,0.445,0.563,-0.51,0.57,3.96,4.42,4.47,3.85,NA,NA,"","","08:10 PM ET"
"2026-09-02","New York Mets","Tampa Bay Rays","Final","New York Mets","Tampa Bay Rays",0.3002,0.6998,"401816774","10","4","63-77","83-56",0.466,0.601,0.478,0.542,-0.22,0.4,4.34,4.51,4.56,4.11,NA,NA,"","","10:40 PM ET"
"2026-09-02","San Francisco Giants","Pittsburgh Pirates","Final","San Francisco Giants","Pittsburgh Pirates",0.3813,0.6187,"401816777","5","4","58-82","68-72",0.416,0.497,0.449,0.516,-0.5,0.17,4.21,4.79,4.72,4.62,NA,NA,"","","10:40 PM ET"
"2026-09-02","Toronto Blue Jays","Cleveland Guardians","Final","Toronto Blue Jays","Cleveland Guardians",0.4536,0.5464,"401816778","11","0","69-71","70-69",0.497,0.503,0.472,0.49,-0.26,-0.09,4.03,4.07,4.28,4.16,NA,NA,"","","10:40 PM ET"
"2026-09-02","Detroit Tigers","Minnesota Twins","Final","Detroit Tigers","Minnesota Twins",0.4644,0.5356,"401816781","11","6","64-75","67-73",0.466,0.473,0.546,0.465,0.43,-0.37,4.45,4.6,4.02,4.97,NA,NA,"","","11:40 PM ET"
"2026-09-02","Miami Marlins","Kansas City Royals","Final","Miami Marlins","Miami Marlins",0.5175,0.4825,"401816782","9","6","71-69","62-78",0.49,0.443,0.503,0.439,0.03,-0.61,4.43,4.25,4.4,4.86,NA,NA,"","","11:40 PM ET"
"2026-09-02","Milwaukee Brewers","Chicago Cubs","Final","Milwaukee Brewers","Milwaukee Brewers",0.5595,0.4405,"401816783","9","5","87-53","78-62",0.624,0.557,0.63,0.587,1.32,0.93,5.2,5.34,3.89,4.41,NA,NA,"","","11:40 PM ET"
"2026-09-02","Chicago White Sox","Houston Astros","Final","Houston Astros","Houston Astros",0.463,0.537,"401816780","0","2","73-66","71-69",0.51,0.503,0.524,0.471,0.24,-0.29,4.68,4.46,4.44,4.75,NA,NA,"","","12:10 AM ET"
"2026-09-02","New York Yankees","Los Angeles Angels","Final","New York Yankees","New York Yankees",0.6963,0.3037,"401816785","6","3","80-60","53-87",0.574,0.378,0.591,0.446,0.83,-0.51,4.56,4.05,3.73,4.55,NA,NA,"","","01:38 AM ET"
"2026-09-02","St. Louis Cardinals","Los Angeles Dodgers","Final","St. Louis Cardinals","Los Angeles Dodgers",0.3292,0.6708,"401816787","8","6","70-70","82-57",0.493,0.608,0.495,0.619,-0.05,1.16,4.56,4.98,4.61,3.82,NA,NA,"","","02:10 AM ET"
"2026-09-03","San Francisco Giants","Pittsburgh Pirates","Final","Pittsburgh Pirates","Pittsburgh Pirates",0.3813,0.6187,"401816789","2","5","58-83","69-72",0.416,0.497,0.449,0.516,-0.5,0.17,4.21,4.79,4.72,4.62,NA,NA,"","","04:35 PM ET"
"2026-09-03","Toronto Blue Jays","Cleveland Guardians","Final","Toronto Blue Jays","Cleveland Guardians",0.4536,0.5464,"401816790","6","3","70-71","70-70",0.497,0.503,0.472,0.49,-0.26,-0.09,4.03,4.07,4.28,4.16,NA,NA,"","","05:10 PM ET"
"2026-09-03","Chicago White Sox","Houston Astros","Final","Houston Astros","Houston Astros",0.463,0.537,"401816791","2","6","73-67","72-69",0.51,0.503,0.524,0.471,0.24,-0.29,4.68,4.46,4.44,4.75,NA,NA,"","","06:10 PM ET"
"2026-09-03","Boston Red Sox","Baltimore Orioles","Final","Boston Red Sox","Boston Red Sox",0.5525,0.4475,"401816788","6","5","76-65","69-72",0.544,0.483,0.563,0.481,0.57,-0.19,4.42,4.5,3.85,4.69,NA,NA,"","","11:15 PM ET"
"2026-09-03","Milwaukee Brewers","Chicago Cubs","Final","Chicago Cubs","Milwaukee Brewers",0.5595,0.4405,"401816793","1","2","87-54","79-62",0.624,0.557,0.63,0.587,1.32,0.93,5.2,5.34,3.89,4.41,NA,NA,"","","11:15 PM ET"
"2026-09-03","Miami Marlins","Kansas City Royals","Final","Kansas City Royals","Miami Marlins",0.5175,0.4825,"401816792","3","7","71-70","63-78",0.49,0.443,0.503,0.439,0.03,-0.61,4.43,4.25,4.4,4.86,NA,NA,"","","11:40 PM ET"
"2026-09-03","Tampa Bay Rays","Texas Rangers","Final","Texas Rangers","Tampa Bay Rays",0.5986,0.4014,"401816794","0","6","83-57","70-71",0.601,0.486,0.542,0.465,0.4,-0.33,4.51,4.13,4.11,4.46,NA,NA,"","","12:05 AM ET"
"2026-09-03","Athletics","Seattle Mariners","Final","Athletics","Seattle Mariners",0.3717,0.6283,"401816795","7","4","55-86","66-75",0.405,0.466,0.386,0.445,-1.26,-0.51,4.37,3.96,5.63,4.47,NA,NA,"","","01:40 AM ET"
"2026-09-03","St. Louis Cardinals","Los Angeles Dodgers","Final","Los Angeles Dodgers","Los Angeles Dodgers",0.3292,0.6708,"401816796","2","3","70-71","83-57",0.493,0.608,0.495,0.619,-0.05,1.16,4.56,4.98,4.61,3.82,NA,NA,"","","02:10 AM ET"
"2026-09-04","Detroit Tigers","Cleveland Guardians","Final","Cleveland Guardians","Cleveland Guardians",0.402,0.598,"401877193","6","7","64-76","71-70",0.466,0.503,0.546,0.49,0.43,-0.09,4.45,4.07,4.02,4.16,NA,NA,"","","06:10 PM ET"
"2026-09-04","Milwaukee Brewers","Cincinnati Reds","Final","Milwaukee Brewers","Milwaukee Brewers",0.6266,0.3734,"401816802","10","7","88-54","67-74",0.624,0.466,0.63,0.404,1.32,-0.99,5.2,4.19,3.89,5.18,NA,NA,"","","10:10 PM ET"
"2026-09-04","Los Angeles Angels","Pittsburgh Pirates","Final","Pittsburgh Pirates","Pittsburgh Pirates",0.3413,0.6587,"401816797","0","1","53-88","70-72",0.378,0.497,0.446,0.516,-0.51,0.17,4.05,4.79,4.55,4.62,NA,NA,"","","10:40 PM ET"
"2026-09-04","Atlanta Braves","Philadelphia Phillies","Final","Atlanta Braves","Atlanta Braves",0.5145,0.4855,"401816798","5","2","84-57","79-62",0.591,0.55,0.587,0.518,0.81,0.17,4.62,4.47,3.81,4.3,NA,NA,"","","10:40 PM ET"
"2026-09-04","Boston Red Sox","Baltimore Orioles","Final","Boston Red Sox","Boston Red Sox",0.5525,0.4475,"401816799","1","0","77-65","69-73",0.544,0.483,0.563,0.481,0.57,-0.19,4.42,4.5,3.85,4.69,NA,NA,"","","11:05 PM ET"
"2026-09-04","Chicago Cubs","Miami Marlins","Final","Chicago Cubs","Chicago Cubs",0.5068,0.4932,"401816800","6","1","80-62","71-71",0.557,0.49,0.587,0.503,0.93,0.03,5.34,4.43,4.41,4.4,NA,NA,"","","11:10 PM ET"
"2026-09-04","San Francisco Giants","New York Mets","Final","New York Mets","New York Mets",0.4011,0.5989,"401816803","6","10","58-84","64-77",0.416,0.466,0.449,0.478,-0.5,-0.22,4.21,4.34,4.72,4.56,NA,NA,"","","11:10 PM ET"
"2026-09-04","Minnesota Twins","Chicago White Sox","Final","Chicago White Sox","Chicago White Sox",0.4153,0.5847,"401816805","1","4","67-74","74-67",0.473,0.51,0.465,0.524,-0.37,0.24,4.6,4.68,4.97,4.44,NA,NA,"","","11:40 PM ET"
"2026-09-04","Tampa Bay Rays","Texas Rangers","Final","Tampa Bay Rays","Tampa Bay Rays",0.5986,0.4014,"401816806","7","6","84-57","70-72",0.601,0.486,0.542,0.465,0.4,-0.33,4.51,4.13,4.11,4.46,NA,NA,"","","12:05 AM ET"
"2026-09-04","Arizona Diamondbacks","Houston Astros","Final","Houston Astros","Arizona Diamondbacks",0.5044,0.4956,"401816804","1","3","74-68","73-69",0.534,0.503,0.505,0.471,0.05,-0.29,4.44,4.46,4.39,4.75,NA,NA,"","","12:10 AM ET"
"2026-09-04","Toronto Blue Jays","Kansas City Royals","Final","Toronto Blue Jays","Toronto Blue Jays",0.5423,0.4577,"401816807","9","2","71-71","63-79",0.497,0.443,0.472,0.439,-0.26,-0.61,4.03,4.25,4.28,4.86,NA,NA,"","","12:10 AM ET"
"2026-09-04","St. Louis Cardinals","Colorado Rockies","Final","St. Louis Cardinals","St. Louis Cardinals",0.6195,0.3805,"401816808","7","6","71-71","54-87",0.493,0.372,0.495,0.405,-0.05,-1.09,4.56,4.7,4.61,5.79,NA,NA,"","","12:40 AM ET"
"2026-09-04","New York Yankees","San Diego Padres","Final","San Diego Padres","San Diego Padres",0.4996,0.5004,"401816810","2","3","80-61","74-67",0.574,0.541,0.591,0.515,0.83,0.14,4.56,4.28,3.73,4.14,NA,NA,"","","01:40 AM ET"
"2026-09-04","Athletics","Seattle Mariners","Final","Athletics","Seattle Mariners",0.3717,0.6283,"401816809","7","6","56-86","66-76",0.405,0.466,0.386,0.445,-1.26,-0.51,4.37,3.96,5.63,4.47,NA,NA,"","","02:10 AM ET"
"2026-09-04","Washington Nationals","Los Angeles Dodgers","Final","Los Angeles Dodgers","Los Angeles Dodgers",0.2718,0.7282,"401816811","3","5","67-76","84-57",0.46,0.608,0.501,0.619,0.01,1.16,5.11,4.98,5.09,3.82,NA,NA,"","","02:10 AM ET"
"2026-09-05","Chicago Cubs","Miami Marlins","Final","Chicago Cubs","Chicago Cubs",0.5068,0.4932,"401816815","6","5","81-62","71-72",0.557,0.49,0.587,0.503,0.93,0.03,5.34,4.43,4.41,4.4,NA,NA,"","","08:10 PM ET"
"2026-09-05","San Francisco Giants","New York Mets","Final","San Francisco Giants","New York Mets",0.4011,0.5989,"401816818","9","5","59-84","64-78",0.416,0.466,0.449,0.478,-0.5,-0.22,4.21,4.34,4.72,4.56,NA,NA,"","","08:10 PM ET"
"2026-09-05","Atlanta Braves","Philadelphia Phillies","Final","Philadelphia Phillies","Atlanta Braves",0.5145,0.4855,"401816813","2","4","84-58","80-62",0.591,0.55,0.587,0.518,0.81,0.17,4.62,4.47,3.81,4.3,NA,NA,"","","10:05 PM ET"
"2026-09-05","Detroit Tigers","Cleveland Guardians","Final","Detroit Tigers","Cleveland Guardians",0.402,0.598,"401816816","6","0","65-77","72-71",0.466,0.503,0.546,0.49,0.43,-0.09,4.45,4.07,4.02,4.16,NA,NA,"","","10:10 PM ET"
"2026-09-05","Los Angeles Angels","Pittsburgh Pirates","Final","Los Angeles Angels","Pittsburgh Pirates",0.3413,0.6587,"401816812","6","1","54-88","70-73",0.378,0.497,0.446,0.516,-0.51,0.17,4.05,4.79,4.55,4.62,NA,NA,"","","10:40 PM ET"
"2026-09-05","Milwaukee Brewers","Cincinnati Reds","Final","Cincinnati Reds","Milwaukee Brewers",0.6266,0.3734,"401816817","3","5","88-55","68-74",0.624,0.466,0.63,0.404,1.32,-0.99,5.2,4.19,3.89,5.18,NA,NA,"","","10:40 PM ET"
"2026-09-05","Boston Red Sox","Baltimore Orioles","Final","Boston Red Sox","Boston Red Sox",0.5525,0.4475,"401816814","5","0","78-65","69-74",0.544,0.483,0.563,0.481,0.57,-0.19,4.42,4.5,3.85,4.69,NA,NA,"","","11:05 PM ET"
"2026-09-05","Tampa Bay Rays","Texas Rangers","Final","Tampa Bay Rays","Tampa Bay Rays",0.5986,0.4014,"401816821","6","3","85-57","70-73",0.601,0.486,0.542,0.465,0.4,-0.33,4.51,4.13,4.11,4.46,NA,NA,"","","11:05 PM ET"
"2026-09-05","Minnesota Twins","Chicago White Sox","Final","Minnesota Twins","Chicago White Sox",0.4153,0.5847,"401816820","6","4","68-74","74-68",0.473,0.51,0.465,0.524,-0.37,0.24,4.6,4.68,4.97,4.44,NA,NA,"","","11:10 PM ET"
"2026-09-05","Toronto Blue Jays","Kansas City Royals","Final","Toronto Blue Jays","Toronto Blue Jays",0.5423,0.4577,"401816822","4","3","72-71","63-80",0.497,0.443,0.472,0.439,-0.26,-0.61,4.03,4.25,4.28,4.86,NA,NA,"","","11:10 PM ET"
"2026-09-05","Arizona Diamondbacks","Houston Astros","Final","Arizona Diamondbacks","Arizona Diamondbacks",0.5044,0.4956,"401816819","4","3","75-68","73-70",0.534,0.503,0.505,0.471,0.05,-0.29,4.44,4.46,4.39,4.75,NA,NA,"","","11:15 PM ET"
"2026-09-05","New York Yankees","San Diego Padres","Final","New York Yankees","San Diego Padres",0.4996,0.5004,"401816825","5","1","81-61","74-68",0.574,0.541,0.591,0.515,0.83,0.14,4.56,4.28,3.73,4.14,NA,NA,"","","11:15 PM ET"
"2026-09-05","St. Louis Cardinals","Colorado Rockies","Final","Colorado Rockies","St. Louis Cardinals",0.6195,0.3805,"401816823","7","10","71-72","55-87",0.493,0.372,0.495,0.405,-0.05,-1.09,4.56,4.7,4.61,5.79,NA,NA,"","","12:10 AM ET"
"2026-09-05","Washington Nationals","Los Angeles Dodgers","Final","Los Angeles Dodgers","Los Angeles Dodgers",0.2718,0.7282,"401816826","5","6","67-77","85-57",0.46,0.608,0.501,0.619,0.01,1.16,5.11,4.98,5.09,3.82,NA,NA,"","","01:10 AM ET"
"2026-09-05","Athletics","Seattle Mariners","Final","Athletics","Seattle Mariners",0.3717,0.6283,"401816824","6","2","57-86","66-77",0.405,0.466,0.386,0.445,-1.26,-0.51,4.37,3.96,5.63,4.47,NA,NA,"","","01:40 AM ET"
"2026-09-06","Milwaukee Brewers","Cincinnati Reds","Final","Cincinnati Reds","Milwaukee Brewers",0.6266,0.3734,"401816832","8","12","88-56","69-74",0.624,0.466,0.63,0.404,1.32,-0.99,5.2,4.19,3.89,5.18,NA,NA,"","","04:10 PM ET"
"2026-09-06","Atlanta Braves","Philadelphia Phillies","Final","Atlanta Braves","Atlanta Braves",0.5145,0.4855,"401816828","5","4","85-58","80-63",0.591,0.55,0.587,0.518,0.81,0.17,4.62,4.47,3.81,4.3,NA,NA,"","","05:10 PM ET"
"2026-09-06","Los Angeles Angels","Pittsburgh Pirates","Final","Pittsburgh Pirates","Pittsburgh Pirates",0.3413,0.6587,"401816827","0","1","54-89","71-73",0.378,0.497,0.446,0.516,-0.51,0.17,4.05,4.79,4.55,4.62,NA,NA,"","","05:35 PM ET"
"2026-09-06","Boston Red Sox","Baltimore Orioles","Final","Boston Red Sox","Boston Red Sox",0.5525,0.4475,"401816829","3","1","79-65","69-75",0.544,0.483,0.563,0.481,0.57,-0.19,4.42,4.5,3.85,4.69,NA,NA,"","","05:35 PM ET"
"2026-09-06","Chicago Cubs","Miami Marlins","Final","Miami Marlins","Chicago Cubs",0.5068,0.4932,"401816830","3","10","81-63","72-72",0.557,0.49,0.587,0.503,0.93,0.03,5.34,4.43,4.41,4.4,NA,NA,"","","05:40 PM ET"
"2026-09-06","Detroit Tigers","Cleveland Guardians","Final","Cleveland Guardians","Cleveland Guardians",0.402,0.598,"401816831","2","3","65-78","73-71",0.466,0.503,0.546,0.49,0.43,-0.09,4.45,4.07,4.02,4.16,NA,NA,"","","05:40 PM ET"
"2026-09-06","San Francisco Giants","New York Mets","Final","New York Mets","New York Mets",0.4011,0.5989,"401816833","2","4","59-85","65-78",0.416,0.466,0.449,0.478,-0.5,-0.22,4.21,4.34,4.72,4.56,NA,NA,"","","05:40 PM ET"
"2026-09-06","Arizona Diamondbacks","Houston Astros","Final","Arizona Diamondbacks","Arizona Diamondbacks",0.5044,0.4956,"401816834","3","2","76-68","73-71",0.534,0.503,0.505,0.471,0.05,-0.29,4.44,4.46,4.39,4.75,NA,NA,"","","06:10 PM ET"
"2026-09-06","Toronto Blue Jays","Kansas City Royals","Final","Kansas City Royals","Toronto Blue Jays",0.5423,0.4577,"401816837","1","6","72-72","64-80",0.497,0.443,0.472,0.439,-0.26,-0.61,4.03,4.25,4.28,4.86,NA,NA,"","","06:10 PM ET"
"2026-09-06","Tampa Bay Rays","Texas Rangers","Final","Texas Rangers","Tampa Bay Rays",0.5986,0.4014,"401816836","6","8","85-58","71-73",0.601,0.486,0.542,0.465,0.4,-0.33,4.51,4.13,4.11,4.46,NA,NA,"","","06:35 PM ET"
"2026-09-06","St. Louis Cardinals","Colorado Rockies","Final","St. Louis Cardinals","St. Louis Cardinals",0.6195,0.3805,"401816838","10","8","72-72","55-88",0.493,0.372,0.495,0.405,-0.05,-1.09,4.56,4.7,4.61,5.79,NA,NA,"","","07:10 PM ET"
"2026-09-06","Athletics","Seattle Mariners","Final","Seattle Mariners","Seattle Mariners",0.3717,0.6283,"401816839","0","2","57-87","67-77",0.405,0.466,0.386,0.445,-1.26,-0.51,4.37,3.96,5.63,4.47,NA,NA,"","","08:10 PM ET"
"2026-09-06","New York Yankees","San Diego Padres","Final","San Diego Padres","San Diego Padres",0.4996,0.5004,"401816840","3","4","81-62","75-68",0.574,0.541,0.591,0.515,0.83,0.14,4.56,4.28,3.73,4.14,NA,NA,"","","08:10 PM ET"
"2026-09-06","Minnesota Twins","Chicago White Sox","Final","Chicago White Sox","Chicago White Sox",0.4153,0.5847,"401816835","1","10","68-75","75-68",0.473,0.51,0.465,0.524,-0.37,0.24,4.6,4.68,4.97,4.44,NA,NA,"","","10:20 PM ET"
"2026-09-06","Washington Nationals","Los Angeles Dodgers","Final","Los Angeles Dodgers","Los Angeles Dodgers",0.2718,0.7282,"401816841","5","7","67-78","86-57",0.46,0.608,0.501,0.619,0.01,1.16,5.11,4.98,5.09,3.82,NA,NA,"","","02:10 AM ET"
"2026-09-07","Atlanta Braves","Philadelphia Phillies","Final","Philadelphia Phillies","Atlanta Braves",0.5145,0.4855,"401816843","0","1","85-59","81-63",0.591,0.55,0.587,0.518,0.81,0.17,4.62,4.47,3.81,4.3,NA,NA,"","","05:05 PM ET"
"2026-09-07","New York Mets","Miami Marlins","Final","New York Mets","Miami Marlins",0.433,0.567,"401816846","9","4","66-78","72-73",0.466,0.49,0.478,0.503,-0.22,0.03,4.34,4.43,4.56,4.4,NA,NA,"","","05:10 PM ET"
"2026-09-07","Los Angeles Angels","Boston Red Sox","Final","Boston Red Sox","Boston Red Sox",0.269,0.731,"401816842","2","5","54-90","80-65",0.378,0.544,0.446,0.563,-0.51,0.57,4.05,4.42,4.55,3.85,NA,NA,"","","05:35 PM ET"
"2026-09-07","Cleveland Guardians","Baltimore Orioles","Final","Baltimore Orioles","Cleveland Guardians",0.5073,0.4927,"401816844","4","6","73-72","70-75",0.503,0.483,0.49,0.481,-0.09,-0.19,4.07,4.5,4.16,4.69,NA,NA,"","","05:35 PM ET"
"2026-09-07","Arizona Diamondbacks","Kansas City Royals","Final","Arizona Diamondbacks","Arizona Diamondbacks",0.5739,0.4261,"401816847","5","4","77-68","64-81",0.534,0.443,0.505,0.439,0.05,-0.61,4.44,4.25,4.39,4.86,NA,NA,"","","06:10 PM ET"
"2026-09-07","Chicago Cubs","Milwaukee Brewers","Final","Milwaukee Brewers","Milwaukee Brewers",0.3657,0.6343,"401816848","3","4","81-64","89-56",0.557,0.624,0.587,0.63,0.93,1.32,5.34,5.2,4.41,3.89,NA,NA,"","","06:10 PM ET"
"2026-09-07","Minnesota Twins","Detroit Tigers","Final","Detroit Tigers","Detroit Tigers",0.4579,0.5421,"401816845","4","5","68-76","66-78",0.473,0.466,0.465,0.546,-0.37,0.43,4.6,4.45,4.97,4.02,NA,NA,"","","07:10 PM ET"
"2026-09-07","Washington Nationals","San Diego Padres","Final","San Diego Padres","San Diego Padres",0.3232,0.6768,"401816852","2","3","67-79","76-68",0.46,0.541,0.501,0.515,0.01,0.14,5.11,4.28,5.09,4.14,NA,NA,"","","09:10 PM ET"
"2026-09-07","St. Louis Cardinals","San Francisco Giants","Final","San Francisco Giants","St. Louis Cardinals",0.548,0.452,"401816850","4","5","72-73","60-85",0.493,0.416,0.495,0.449,-0.05,-0.5,4.56,4.21,4.61,4.72,NA,NA,"","","12:10 AM ET"
"2026-09-07","Cincinnati Reds","Los Angeles Dodgers","Final","Los Angeles Dodgers","Los Angeles Dodgers",0.3108,0.6892,"401816849","3","6","69-75","87-57",0.466,0.608,0.404,0.619,-0.99,1.16,4.19,4.98,5.18,3.82,NA,NA,"","","01:10 AM ET"
"2026-09-07","Toronto Blue Jays","Athletics","Final","Athletics","Toronto Blue Jays",0.5922,0.4078,"401816851","5","6","72-73","58-87",0.497,0.405,0.472,0.386,-0.26,-1.26,4.03,4.37,4.28,5.63,NA,NA,"","","02:05 AM ET"
"2026-09-08","Cleveland Guardians","Baltimore Orioles","Final","Cleveland Guardians","Cleveland Guardians",0.5073,0.4927,"401816854","9","5","74-72","70-76",0.503,0.483,0.49,0.481,-0.09,-0.19,4.07,4.5,4.16,4.69,NA,NA,"","","10:35 PM ET"
"2026-09-08","Houston Astros","Philadelphia Phillies","Final","Houston Astros","Philadelphia Phillies",0.3985,0.6015,"401816856","6","5","74-71","81-64",0.503,0.55,0.471,0.518,-0.29,0.17,4.46,4.47,4.75,4.3,NA,NA,"","","10:40 PM ET"
"2026-09-08","Minnesota Twins","Detroit Tigers","Final","Minnesota Twins","Detroit Tigers",0.4579,0.5421,"401816857","3","2","69-76","66-79",0.473,0.466,0.465,0.546,-0.37,0.43,4.6,4.45,4.97,4.02,NA,NA,"","","10:40 PM ET"
"2026-09-08","New York Mets","Miami Marlins","Final","New York Mets","Miami Marlins",0.433,0.567,"401816858","7","5","67-78","72-74",0.466,0.49,0.478,0.503,-0.22,0.03,4.34,4.43,4.56,4.4,NA,NA,"","","10:40 PM ET"
"2026-09-08","Los Angeles Angels","Boston Red Sox","Final","Los Angeles Angels","Boston Red Sox",0.269,0.731,"401816853","6","1","55-90","80-66",0.378,0.544,0.446,0.563,-0.51,0.57,4.05,4.42,4.55,3.85,NA,NA,"","","10:45 PM ET"
"2026-09-08","Colorado Rockies","New York Yankees","Final","New York Yankees","New York Yankees",0.2206,0.7794,"401816855","3","5","55-89","82-62",0.372,0.574,0.405,0.591,-1.09,0.83,4.7,4.56,5.79,3.73,NA,NA,"","","11:05 PM ET"
"2026-09-08","Tampa Bay Rays","Atlanta Braves","Final","Tampa Bay Rays","Atlanta Braves",0.4743,0.5257,"401816859","7","1","86-58","85-60",0.601,0.591,0.542,0.587,0.4,0.81,4.51,4.62,4.11,3.81,NA,NA,"","","11:15 PM ET"
"2026-09-08","Arizona Diamondbacks","Kansas City Royals","Final","Arizona Diamondbacks","Arizona Diamondbacks",0.5739,0.4261,"401816860","5","3","78-68","64-82",0.534,0.443,0.505,0.439,0.05,-0.61,4.44,4.25,4.39,4.86,NA,NA,"","","11:40 PM ET"
"2026-09-08","Chicago Cubs","Milwaukee Brewers","Final","Milwaukee Brewers","Milwaukee Brewers",0.3657,0.6343,"401816861","3","4","81-65","90-56",0.557,0.624,0.587,0.63,0.93,1.32,5.34,5.2,4.41,3.89,NA,NA,"","","11:40 PM ET"
"2026-09-08","Pittsburgh Pirates","Chicago White Sox","Final","Pittsburgh Pirates","Chicago White Sox",0.4382,0.5618,"401816862","9","3","72-73","75-69",0.497,0.51,0.516,0.524,0.17,0.24,4.79,4.68,4.62,4.44,NA,NA,"","","11:40 PM ET"
"2026-09-08","Texas Rangers","Seattle Mariners","Final","Texas Rangers","Seattle Mariners",0.4815,0.5185,"401816865","10","5","72-73","67-78",0.486,0.466,0.465,0.445,-0.33,-0.51,4.13,3.96,4.46,4.47,NA,NA,"","","01:40 AM ET"
"2026-09-08","Toronto Blue Jays","Athletics","Final","Toronto Blue Jays","Toronto Blue Jays",0.5922,0.4078,"401816866","4","2","73-73","58-88",0.497,0.405,0.472,0.386,-0.26,-1.26,4.03,4.37,4.28,5.63,NA,NA,"","","01:40 AM ET"
"2026-09-08","Washington Nationals","San Diego Padres","Final","San Diego Padres","San Diego Padres",0.3232,0.6768,"401816867","4","5","67-80","77-68",0.46,0.541,0.501,0.515,0.01,0.14,5.11,4.28,5.09,4.14,NA,NA,"","","01:40 AM ET"
"2026-09-08","St. Louis Cardinals","San Francisco Giants","Final","San Francisco Giants","St. Louis Cardinals",0.548,0.452,"401816864","1","2","72-74","61-85",0.493,0.416,0.495,0.449,-0.05,-0.5,4.56,4.21,4.61,4.72,NA,NA,"","","01:45 AM ET"
"2026-09-08","Cincinnati Reds","Los Angeles Dodgers","Final","Los Angeles Dodgers","Los Angeles Dodgers",0.3108,0.6892,"401816863","2","3","69-76","88-57",0.466,0.608,0.404,0.619,-0.99,1.16,4.19,4.98,5.18,3.82,NA,NA,"","","02:10 AM ET"
"2026-09-09","Minnesota Twins","Detroit Tigers","Final","Detroit Tigers","Detroit Tigers",0.4579,0.5421,"401816872","2","7","69-77","67-79",0.473,0.466,0.465,0.546,-0.37,0.43,4.6,4.45,4.97,4.02,NA,NA,"","","05:10 PM ET"
"2026-09-09","Toronto Blue Jays","Athletics","Final","Athletics","Toronto Blue Jays",0.5922,0.4078,"401816881","0","2","73-74","59-88",0.497,0.405,0.472,0.386,-0.26,-1.26,4.03,4.37,4.28,5.63,NA,NA,"","","07:05 PM ET"
"2026-09-09","St. Louis Cardinals","San Francisco Giants","Final","San Francisco Giants","St. Louis Cardinals",0.548,0.452,"401816879","6","7","72-75","62-85",0.493,0.416,0.495,0.449,-0.05,-0.5,4.56,4.21,4.61,4.72,NA,NA,"","","07:45 PM ET"
"2026-09-09","Texas Rangers","Seattle Mariners","Final","Seattle Mariners","Seattle Mariners",0.4815,0.5185,"401816880","2","3","72-74","68-78",0.486,0.466,0.465,0.445,-0.33,-0.51,4.13,3.96,4.46,4.47,NA,NA,"","","08:10 PM ET"
"2026-09-09","Washington Nationals","San Diego Padres","Final","San Diego Padres","San Diego Padres",0.3232,0.6768,"401816882","2","9","67-81","78-68",0.46,0.541,0.501,0.515,0.01,0.14,5.11,4.28,5.09,4.14,NA,NA,"","","08:10 PM ET"
"2026-09-09","Cleveland Guardians","Baltimore Orioles","Final","Baltimore Orioles","Cleveland Guardians",0.5073,0.4927,"401816869","5","9","74-73","71-76",0.503,0.483,0.49,0.481,-0.09,-0.19,4.07,4.5,4.16,4.69,NA,NA,"","","10:35 PM ET"
"2026-09-09","Houston Astros","Philadelphia Phillies","Final","Philadelphia Phillies","Philadelphia Phillies",0.3985,0.6015,"401816871","7","11","74-72","82-64",0.503,0.55,0.471,0.518,-0.29,0.17,4.46,4.47,4.75,4.3,NA,NA,"","","10:40 PM ET"
"2026-09-09","New York Mets","Miami Marlins","Final","New York Mets","Miami Marlins",0.433,0.567,"401816873","15","14","68-78","72-75",0.466,0.49,0.478,0.503,-0.22,0.03,4.34,4.43,4.56,4.4,NA,NA,"","","10:40 PM ET"
"2026-09-09","Los Angeles Angels","Boston Red Sox","Final","Los Angeles Angels","Boston Red Sox",0.269,0.731,"401816868","6","4","56-90","80-67",0.378,0.544,0.446,0.563,-0.51,0.57,4.05,4.42,4.55,3.85,NA,NA,"","","10:45 PM ET"
"2026-09-09","Colorado Rockies","New York Yankees","Final","New York Yankees","New York Yankees",0.2206,0.7794,"401816870","1","6","55-90","83-62",0.372,0.574,0.405,0.591,-1.09,0.83,4.7,4.56,5.79,3.73,NA,NA,"","","11:05 PM ET"
"2026-09-09","Tampa Bay Rays","Atlanta Braves","Final","Tampa Bay Rays","Atlanta Braves",0.4743,0.5257,"401816874","7","2","87-58","85-61",0.601,0.591,0.542,0.587,0.4,0.81,4.51,4.62,4.11,3.81,NA,NA,"","","11:15 PM ET"
"2026-09-09","Arizona Diamondbacks","Kansas City Royals","Final","Kansas City Royals","Arizona Diamondbacks",0.5739,0.4261,"401816875","2","5","78-69","65-82",0.534,0.443,0.505,0.439,0.05,-0.61,4.44,4.25,4.39,4.86,NA,NA,"","","11:40 PM ET"
"2026-09-09","Chicago Cubs","Milwaukee Brewers","Final","Milwaukee Brewers","Milwaukee Brewers",0.3657,0.6343,"401816876","6","8","81-66","91-56",0.557,0.624,0.587,0.63,0.93,1.32,5.34,5.2,4.41,3.89,NA,NA,"","","11:40 PM ET"
"2026-09-09","Pittsburgh Pirates","Chicago White Sox","Final","Pittsburgh Pirates","Chicago White Sox",0.4382,0.5618,"401816877","4","2","73-73","75-70",0.497,0.51,0.516,0.524,0.17,0.24,4.79,4.68,4.62,4.44,NA,NA,"","","11:40 PM ET"
"2026-09-09","Cincinnati Reds","Los Angeles Dodgers","Final","Los Angeles Dodgers","Los Angeles Dodgers",0.3108,0.6892,"401816878","1","14","69-77","89-57",0.466,0.608,0.404,0.619,-0.99,1.16,4.19,4.98,5.18,3.82,NA,NA,"","","02:10 AM ET"
"2026-09-10","Tampa Bay Rays","Atlanta Braves","Final","Atlanta Braves","Atlanta Braves",0.4743,0.5257,"401816885","1","3","87-59","86-61",0.601,0.591,0.542,0.587,0.4,0.81,4.51,4.62,4.11,3.81,NA,NA,"","","04:15 PM ET"
"2026-09-10","Houston Astros","Philadelphia Phillies","Final","Houston Astros","Philadelphia Phillies",0.3985,0.6015,"401816884","2","1","75-72","82-65",0.503,0.55,0.471,0.518,-0.29,0.17,4.46,4.47,4.75,4.3,NA,NA,"","","05:05 PM ET"
"2026-09-10","Texas Rangers","Seattle Mariners","Final","Seattle Mariners","Seattle Mariners",0.4815,0.5185,"401816887","3","4","72-75","69-78",0.486,0.466,0.465,0.445,-0.33,-0.51,4.13,3.96,4.46,4.47,NA,NA,"","","08:10 PM ET"
"2026-09-10","Colorado Rockies","New York Yankees","Final","New York Yankees","New York Yankees",0.2206,0.7794,"401816883","3","10","55-91","84-62",0.372,0.574,0.405,0.591,-1.09,0.83,4.7,4.56,5.79,3.73,NA,NA,"","","11:05 PM ET"
"2026-09-10","Pittsburgh Pirates","Chicago White Sox","Final","Pittsburgh Pirates","Chicago White Sox",0.4382,0.5618,"401816886","2","0","74-73","75-71",0.497,0.51,0.516,0.524,0.17,0.24,4.79,4.68,4.62,4.44,NA,NA,"","","11:40 PM ET"
"2026-09-11","Pittsburgh Pirates","Chicago Cubs","Final","Chicago Cubs","Chicago Cubs",0.4088,0.5912,"401816899","2","12","74-74","82-66",0.497,0.557,0.516,0.587,0.17,0.93,4.79,5.34,4.62,4.41,NA,NA,"","","06:20 PM ET"
"2026-09-11","Colorado Rockies","Detroit Tigers","Final","Detroit Tigers","Detroit Tigers",0.3322,0.6678,"401816890","2","6","55-92","68-79",0.372,0.466,0.405,0.546,-1.09,0.43,4.7,4.45,5.79,4.02,NA,NA,"","","10:40 PM ET"
"2026-09-11","Los Angeles Angels","Washington Nationals","Final","Washington Nationals","Washington Nationals",0.4005,0.5995,"401816888","3","4","56-91","68-81",0.378,0.46,0.446,0.501,-0.51,0.01,4.05,5.11,4.55,5.09,NA,NA,"","","10:45 PM ET"
"2026-09-11","New York Mets","New York Yankees","Final","New York Yankees","New York Yankees",0.3269,0.6731,"401816894","4","6","68-79","85-62",0.466,0.574,0.478,0.591,-0.22,0.83,4.34,4.56,4.56,3.73,NA,NA,"","","11:05 PM ET"
"2026-09-11","Baltimore Orioles","Toronto Blue Jays","Final","Baltimore Orioles","Toronto Blue Jays",0.4231,0.5769,"401816889","7","4","72-76","73-75",0.483,0.497,0.481,0.472,-0.19,-0.26,4.5,4.03,4.69,4.28,NA,NA,"","","11:07 PM ET"
"2026-09-11","Houston Astros","Tampa Bay Rays","Final","Tampa Bay Rays","Tampa Bay Rays",0.3367,0.6633,"401816891","1","3","75-73","88-59",0.503,0.601,0.471,0.542,-0.29,0.4,4.46,4.51,4.75,4.11,NA,NA,"","","11:10 PM ET"
"2026-09-11","Kansas City Royals","Boston Red Sox","Final","Kansas City Royals","Boston Red Sox",0.3334,0.6666,"401816892","3","2","66-82","80-68",0.443,0.544,0.439,0.563,-0.61,0.57,4.25,4.42,4.86,3.85,NA,NA,"","","11:10 PM ET"
"2026-09-11","Los Angeles Dodgers","Miami Marlins","Final","Los Angeles Dodgers","Los Angeles Dodgers",0.5962,0.4038,"401816893","6","2","90-57","72-76",0.608,0.49,0.619,0.503,1.16,0.03,4.98,4.43,3.82,4.4,NA,NA,"","","11:10 PM ET"
"2026-09-11","Philadelphia Phillies","Atlanta Braves","Final","Atlanta Braves","Atlanta Braves",0.4087,0.5913,"401816895","5","6","82-66","87-61",0.55,0.591,0.518,0.587,0.17,0.81,4.47,4.62,4.3,3.81,NA,NA,"","","11:15 PM ET"
"2026-09-11","Cincinnati Reds","Milwaukee Brewers","Final","Milwaukee Brewers","Milwaukee Brewers",0.3039,0.6961,"401816897","0","20","69-78","92-56",0.466,0.624,0.404,0.63,-0.99,1.32,4.19,5.2,5.18,3.89,NA,NA,"","","11:40 PM ET"
"2026-09-11","Cleveland Guardians","Minnesota Twins","Final","Cleveland Guardians","Cleveland Guardians",0.5247,0.4753,"401816898","5","2","75-73","69-78",0.503,0.473,0.49,0.465,-0.09,-0.37,4.07,4.6,4.16,4.97,NA,NA,"","","12:10 AM ET"
"2026-09-11","Chicago White Sox","St. Louis Cardinals","Final","St. Louis Cardinals","St. Louis Cardinals",0.4793,0.5207,"401816896","3","7","75-72","73-75",0.51,0.493,0.524,0.495,0.24,-0.05,4.68,4.56,4.44,4.61,NA,NA,"","","12:15 AM ET"
"2026-09-11","Seattle Mariners","Athletics","Final","Athletics","Seattle Mariners",0.5532,0.4468,"401816901","5","6","69-79","60-88",0.466,0.405,0.445,0.386,-0.51,-1.26,3.96,4.37,4.47,5.63,NA,NA,"","","01:40 AM ET"
"2026-09-11","Texas Rangers","Arizona Diamondbacks","Final","Arizona Diamondbacks","Arizona Diamondbacks",0.4106,0.5894,"401816902","1","9","72-76","79-69",0.486,0.534,0.465,0.505,-0.33,0.05,4.13,4.44,4.46,4.39,NA,NA,"","","01:40 AM ET"
"2026-09-11","San Diego Padres","San Francisco Giants","Final","San Diego Padres","San Diego Padres",0.623,0.377,"401816900","7","5","79-68","62-86",0.541,0.416,0.515,0.449,0.14,-0.5,4.28,4.21,4.14,4.72,NA,NA,"","","02:15 AM ET"
"2026-09-12","Colorado Rockies","Detroit Tigers","Final","Detroit Tigers","Detroit Tigers",0.3322,0.6678,"401816905","7","11","55-93","69-79",0.372,0.466,0.405,0.546,-1.09,0.43,4.7,4.45,5.79,4.02,NA,NA,"","","05:10 PM ET"
"2026-09-12","New York Mets","New York Yankees","Final","New York Mets","New York Yankees",0.3269,0.6731,"401816909","12","2","69-79","85-63",0.466,0.574,0.478,0.591,-0.22,0.83,4.34,4.56,4.56,3.73,NA,NA,"","","05:35 PM ET"
"2026-09-12","Pittsburgh Pirates","Chicago Cubs","Final","Chicago Cubs","Chicago Cubs",0.4088,0.5912,"401816914","3","4","74-75","83-66",0.497,0.557,0.516,0.587,0.17,0.93,4.79,5.34,4.62,4.41,NA,NA,"","","06:20 PM ET"
"2026-09-12","Baltimore Orioles","Toronto Blue Jays","Final","Toronto Blue Jays","Toronto Blue Jays",0.4231,0.5769,"401816904","3","7","72-77","74-75",0.483,0.497,0.481,0.472,-0.19,-0.26,4.5,4.03,4.69,4.28,NA,NA,"","","07:07 PM ET"
"2026-09-12","Los Angeles Angels","Washington Nationals","Final","Washington Nationals","Washington Nationals",0.4005,0.5995,"401816903","5","6","56-92","69-81",0.378,0.46,0.446,0.501,-0.51,0.01,4.05,5.11,4.55,5.09,NA,NA,"","","08:05 PM ET"
"2026-09-12","San Diego Padres","San Francisco Giants","Final","San Diego Padres","San Diego Padres",0.623,0.377,"401816915","7","6","80-68","62-87",0.541,0.416,0.515,0.449,0.14,-0.5,4.28,4.21,4.14,4.72,NA,NA,"","","08:05 PM ET"
"2026-09-12","Kansas City Royals","Boston Red Sox","Final","Boston Red Sox","Boston Red Sox",0.3334,0.6666,"401816907","1","5","66-83","81-68",0.443,0.544,0.439,0.563,-0.61,0.57,4.25,4.42,4.86,3.85,NA,NA,"","","08:10 PM ET"
"2026-09-12","Los Angeles Dodgers","Miami Marlins","Final","Miami Marlins","Los Angeles Dodgers",0.5962,0.4038,"401816908","3","4","90-58","73-76",0.608,0.49,0.619,0.503,1.16,0.03,4.98,4.43,3.82,4.4,NA,NA,"","","08:10 PM ET"
"2026-09-12","Cleveland Guardians","Minnesota Twins","Final","Minnesota Twins","Cleveland Guardians",0.5247,0.4753,"401816913","3","4","75-74","70-78",0.503,0.473,0.49,0.465,-0.09,-0.37,4.07,4.6,4.16,4.97,NA,NA,"","","08:10 PM ET"
"2026-09-12","Houston Astros","Tampa Bay Rays","Final","Tampa Bay Rays","Tampa Bay Rays",0.3367,0.6633,"401816906","2","3","75-74","89-59",0.503,0.601,0.471,0.542,-0.29,0.4,4.46,4.51,4.75,4.11,NA,NA,"","","10:10 PM ET"
"2026-09-12","Cincinnati Reds","Milwaukee Brewers","Final","Milwaukee Brewers","Milwaukee Brewers",0.3039,0.6961,"401816912","9","13","69-79","93-56",0.466,0.624,0.404,0.63,-0.99,1.32,4.19,5.2,5.18,3.89,NA,NA,"","","11:10 PM ET"
"2026-09-12","Philadelphia Phillies","Atlanta Braves","Final","Atlanta Braves","Atlanta Braves",0.4087,0.5913,"401816910","2","12","82-67","88-61",0.55,0.591,0.518,0.587,0.17,0.81,4.47,4.62,4.3,3.81,NA,NA,"","","11:15 PM ET"
"2026-09-12","Chicago White Sox","St. Louis Cardinals","Scheduled","","St. Louis Cardinals",0.4793,0.5207,"401816911","4","5","75-72","73-75",0.51,0.493,0.524,0.495,0.24,-0.05,4.68,4.56,4.44,4.61,NA,NA,"","","11:15 PM ET"
"2026-09-12","Texas Rangers","Arizona Diamondbacks","Scheduled","","Arizona Diamondbacks",0.4106,0.5894,"401816917","6","2","72-76","79-69",0.486,0.534,0.465,0.505,-0.33,0.05,4.13,4.44,4.46,4.39,NA,NA,"","","12:10 AM ET"
"2026-09-12","Seattle Mariners","Athletics","Scheduled","","Seattle Mariners",0.5532,0.4468,"401816916","5","0","69-79","60-88",0.466,0.405,0.445,0.386,-0.51,-1.26,3.96,4.37,4.47,5.63,NA,NA,"","","01:40 AM ET"
"2026-09-13","Colorado Rockies","Detroit Tigers","Scheduled","","Detroit Tigers",0.3322,0.6678,"401816920","0","0","55-93","69-79",0.372,0.466,0.405,0.546,-1.09,0.43,4.7,4.45,5.79,4.02,NA,NA,"","","04:10 PM ET"
"2026-09-13","Los Angeles Angels","Washington Nationals","Scheduled","","Washington Nationals",0.4005,0.5995,"401816918","0","0","56-92","69-81",0.378,0.46,0.446,0.501,-0.51,0.01,4.05,5.11,4.55,5.09,NA,NA,"","","05:35 PM ET"
"2026-09-13","New York Mets","New York Yankees","Scheduled","","New York Yankees",0.3269,0.6731,"401816924","0","0","69-79","85-63",0.466,0.574,0.478,0.591,-0.22,0.83,4.34,4.56,4.56,3.73,NA,NA,"","","05:35 PM ET"
"2026-09-13","Philadelphia Phillies","Atlanta Braves","Scheduled","","Atlanta Braves",0.4087,0.5913,"401816925","0","0","82-67","88-61",0.55,0.591,0.518,0.587,0.17,0.81,4.47,4.62,4.3,3.81,NA,NA,"","","05:35 PM ET"
"2026-09-13","Baltimore Orioles","Toronto Blue Jays","Scheduled","","Toronto Blue Jays",0.4231,0.5769,"401816919","0","0","72-77","74-75",0.483,0.497,0.481,0.472,-0.19,-0.26,4.5,4.03,4.69,4.28,NA,NA,"","","05:37 PM ET"
"2026-09-13","Houston Astros","Tampa Bay Rays","Scheduled","","Tampa Bay Rays",0.3367,0.6633,"401816921","0","0","75-74","89-59",0.503,0.601,0.471,0.542,-0.29,0.4,4.46,4.51,4.75,4.11,NA,NA,"","","05:40 PM ET"
"2026-09-13","Los Angeles Dodgers","Miami Marlins","Scheduled","","Los Angeles Dodgers",0.5962,0.4038,"401816923","0","0","90-58","73-76",0.608,0.49,0.619,0.503,1.16,0.03,4.98,4.43,3.82,4.4,NA,NA,"","","05:40 PM ET"
"2026-09-13","Cincinnati Reds","Milwaukee Brewers","Scheduled","","Milwaukee Brewers",0.3039,0.6961,"401816927","0","0","69-79","93-56",0.466,0.624,0.404,0.63,-0.99,1.32,4.19,5.2,5.18,3.89,NA,NA,"","","06:10 PM ET"
"2026-09-13","Cleveland Guardians","Minnesota Twins","Scheduled","","Cleveland Guardians",0.5247,0.4753,"401816928","0","0","75-74","70-78",0.503,0.473,0.49,0.465,-0.09,-0.37,4.07,4.6,4.16,4.97,NA,NA,"","","06:10 PM ET"
"2026-09-13","Chicago White Sox","St. Louis Cardinals","Scheduled","","St. Louis Cardinals",0.4793,0.5207,"401816926","0","0","75-72","73-75",0.51,0.493,0.524,0.495,0.24,-0.05,4.68,4.56,4.44,4.61,NA,NA,"","","06:15 PM ET"
"2026-09-13","Pittsburgh Pirates","Chicago Cubs","Scheduled","","Chicago Cubs",0.4088,0.5912,"401816929","0","0","74-75","83-66",0.497,0.557,0.516,0.587,0.17,0.93,4.79,5.34,4.62,4.41,NA,NA,"","","06:20 PM ET"
"2026-09-13","Kansas City Royals","Boston Red Sox","Scheduled","","Boston Red Sox",0.3334,0.6666,"401816922","0","0","66-83","81-68",0.443,0.544,0.439,0.563,-0.61,0.57,4.25,4.42,4.86,3.85,NA,NA,"","","07:05 PM ET"
"2026-09-13","Seattle Mariners","Athletics","Scheduled","","Seattle Mariners",0.5532,0.4468,"401816931","0","0","69-79","60-88",0.466,0.405,0.445,0.386,-0.51,-1.26,3.96,4.37,4.47,5.63,NA,NA,"","","08:05 PM ET"
"2026-09-13","Texas Rangers","Arizona Diamondbacks","Scheduled","","Arizona Diamondbacks",0.4106,0.5894,"401816932","0","0","72-76","79-69",0.486,0.534,0.465,0.505,-0.33,0.05,4.13,4.44,4.46,4.39,NA,NA,"","","08:10 PM ET"
"2026-09-13","San Diego Padres","San Francisco Giants","Scheduled","","San Diego Padres",0.623,0.377,"401816930","0","0","80-68","62-87",0.541,0.416,0.515,0.449,0.14,-0.5,4.28,4.21,4.14,4.72,NA,NA,"","","11:20 PM ET"
"2026-09-14","Chicago White Sox","Cleveland Guardians","Scheduled","","Cleveland Guardians",0.4444,0.5556,"401816934","0","0","75-72","75-74",0.51,0.503,0.524,0.49,0.24,-0.09,4.68,4.07,4.44,4.16,NA,NA,"","","10:40 PM ET"
"2026-09-14","Los Angeles Dodgers","Cincinnati Reds","Scheduled","","Los Angeles Dodgers",0.619,0.381,"401816936","0","0","90-58","69-79",0.608,0.466,0.619,0.404,1.16,-0.99,4.98,4.19,3.82,5.18,NA,NA,"","","10:40 PM ET"
"2026-09-14","Detroit Tigers","Toronto Blue Jays","Scheduled","","Toronto Blue Jays",0.4094,0.5906,"401816935","0","0","69-79","74-75",0.466,0.497,0.546,0.472,0.43,-0.26,4.45,4.03,4.02,4.28,NA,NA,"","","11:07 PM ET"
"2026-09-14","Baltimore Orioles","New York Mets","Scheduled","","New York Mets",0.4759,0.5241,"401816933","0","0","72-77","69-79",0.483,0.466,0.481,0.478,-0.19,-0.22,4.5,4.34,4.69,4.56,NA,NA,"","","11:10 PM ET"
"2026-09-14","Atlanta Braves","Chicago Cubs","Scheduled","","Atlanta Braves",0.5464,0.4536,"401816937","0","0","88-61","83-66",0.591,0.557,0.587,0.587,0.81,0.93,4.62,5.34,3.81,4.41,NA,NA,"","","11:40 PM ET"
"2026-09-14","New York Yankees","Minnesota Twins","Scheduled","","New York Yankees",0.6039,0.3961,"401816938","0","0","85-63","70-78",0.574,0.473,0.591,0.465,0.83,-0.37,4.56,4.6,3.73,4.97,NA,NA,"","","11:40 PM ET"
"2026-09-14","San Francisco Giants","St. Louis Cardinals","Scheduled","","St. Louis Cardinals",0.3766,0.6234,"401816939","0","0","62-87","73-75",0.416,0.493,0.449,0.495,-0.5,-0.05,4.21,4.56,4.72,4.61,NA,NA,"","","11:45 PM ET"
"2026-09-14","San Diego Padres","Colorado Rockies","Scheduled","","San Diego Padres",0.6894,0.3106,"401816940","0","0","80-68","55-93",0.541,0.372,0.515,0.405,0.14,-1.09,4.28,4.7,4.14,5.79,NA,NA,"","","12:40 AM ET"
"2026-09-14","Seattle Mariners","Los Angeles Angels","Scheduled","","Seattle Mariners",0.5786,0.4214,"401816942","0","0","69-79","56-92",0.466,0.378,0.445,0.446,-0.51,-0.51,3.96,4.05,4.47,4.55,NA,NA,"","","01:38 AM ET"
"2026-09-14","Miami Marlins","Arizona Diamondbacks","Scheduled","","Arizona Diamondbacks",0.4053,0.5947,"401816941","0","0","73-76","79-69",0.49,0.534,0.503,0.505,0.03,0.05,4.43,4.44,4.4,4.39,NA,NA,"","","01:40 AM ET"
"2026-09-15","Athletics","Tampa Bay Rays","Scheduled","","Tampa Bay Rays",0.2383,0.7617,"401816943","0","0","60-88","89-59",0.405,0.601,0.386,0.542,-1.26,0.4,4.37,4.51,5.63,4.11,NA,NA,"","","10:40 PM ET"
"2026-09-15","Chicago White Sox","Cleveland Guardians","Scheduled","","Cleveland Guardians",0.4444,0.5556,"401816945","0","0","75-72","75-74",0.51,0.503,0.524,0.49,0.24,-0.09,4.68,4.07,4.44,4.16,NA,NA,"","","10:40 PM ET"
"2026-09-15","Los Angeles Dodgers","Cincinnati Reds","Scheduled","","Los Angeles Dodgers",0.619,0.381,"401816947","0","0","90-58","69-79",0.608,0.466,0.619,0.404,1.16,-0.99,4.98,4.19,3.82,5.18,NA,NA,"","","10:40 PM ET"
"2026-09-15","Milwaukee Brewers","Pittsburgh Pirates","Scheduled","","Milwaukee Brewers",0.6113,0.3887,"401816948","0","0","93-56","74-75",0.624,0.497,0.63,0.516,1.32,0.17,5.2,4.79,3.89,4.62,NA,NA,"","","10:40 PM ET"
"2026-09-15","Philadelphia Phillies","Washington Nationals","Scheduled","","Philadelphia Phillies",0.6082,0.3918,"401816949","0","0","82-67","69-81",0.55,0.46,0.518,0.501,0.17,0.01,4.47,5.11,4.3,5.09,NA,NA,"","","10:45 PM ET"
"2026-09-15","Detroit Tigers","Toronto Blue Jays","Scheduled","","Toronto Blue Jays",0.4094,0.5906,"401816946","0","0","69-79","74-75",0.466,0.497,0.546,0.472,0.43,-0.26,4.45,4.03,4.02,4.28,NA,NA,"","","11:07 PM ET"
"2026-09-15","Baltimore Orioles","New York Mets","Scheduled","","New York Mets",0.4759,0.5241,"401816944","0","0","72-77","69-79",0.483,0.466,0.481,0.478,-0.19,-0.22,4.5,4.34,4.69,4.56,NA,NA,"","","11:10 PM ET"
"2026-09-15","Atlanta Braves","Chicago Cubs","Scheduled","","Atlanta Braves",0.5464,0.4536,"401816950","0","0","88-61","83-66",0.591,0.557,0.587,0.587,0.81,0.93,4.62,5.34,3.81,4.41,NA,NA,"","","11:40 PM ET"
"2026-09-15","New York Yankees","Minnesota Twins","Scheduled","","New York Yankees",0.6039,0.3961,"401816953","0","0","85-63","70-78",0.574,0.473,0.591,0.465,0.83,-0.37,4.56,4.6,3.73,4.97,NA,NA,"","","11:40 PM ET"
"2026-09-15","San Francisco Giants","St. Louis Cardinals","Scheduled","","St. Louis Cardinals",0.3766,0.6234,"401816954","0","0","62-87","73-75",0.416,0.493,0.449,0.495,-0.5,-0.05,4.21,4.56,4.72,4.61,NA,NA,"","","11:45 PM ET"
"2026-09-15","Boston Red Sox","Texas Rangers","Scheduled","","Boston Red Sox",0.5335,0.4665,"401816951","0","0","81-68","72-76",0.544,0.486,0.563,0.465,0.57,-0.33,4.42,4.13,3.85,4.46,NA,NA,"","","12:05 AM ET"
"2026-09-15","Kansas City Royals","Houston Astros","Scheduled","","Houston Astros",0.3927,0.6073,"401816952","0","0","66-83","75-74",0.443,0.503,0.439,0.471,-0.61,-0.29,4.25,4.46,4.86,4.75,NA,NA,"","","12:10 AM ET"
"2026-09-15","San Diego Padres","Colorado Rockies","Scheduled","","San Diego Padres",0.6894,0.3106,"401816955","0","0","80-68","55-93",0.541,0.372,0.515,0.405,0.14,-1.09,4.28,4.7,4.14,5.79,NA,NA,"","","12:40 AM ET"
"2026-09-15","Seattle Mariners","Los Angeles Angels","Scheduled","","Seattle Mariners",0.5786,0.4214,"401816957","0","0","69-79","56-92",0.466,0.378,0.445,0.446,-0.51,-0.51,3.96,4.05,4.47,4.55,NA,NA,"","","01:38 AM ET"
"2026-09-15","Miami Marlins","Arizona Diamondbacks","Scheduled","","Arizona Diamondbacks",0.4053,0.5947,"401816956","0","0","73-76","79-69",0.49,0.534,0.503,0.505,0.03,0.05,4.43,4.44,4.4,4.39,NA,NA,"","","01:40 AM ET"
"2026-09-16","Chicago White Sox","Cleveland Guardians","Scheduled","","Cleveland Guardians",0.4444,0.5556,"401816960","0","0","75-72","75-74",0.51,0.503,0.524,0.49,0.24,-0.09,4.68,4.07,4.44,4.16,NA,NA,"","","05:00 PM ET"
"2026-09-16","San Francisco Giants","St. Louis Cardinals","Scheduled","","St. Louis Cardinals",0.3766,0.6234,"401816969","0","0","62-87","73-75",0.416,0.493,0.449,0.495,-0.5,-0.05,4.21,4.56,4.72,4.61,NA,NA,"","","05:15 PM ET"
"2026-09-16","New York Yankees","Minnesota Twins","Scheduled","","New York Yankees",0.6039,0.3961,"401816968","0","0","85-63","70-78",0.574,0.473,0.591,0.465,0.83,-0.37,4.56,4.6,3.73,4.97,NA,NA,"","","05:40 PM ET"
"2026-09-16","Detroit Tigers","Toronto Blue Jays","Scheduled","","Toronto Blue Jays",0.4094,0.5906,"401816961","0","0","69-79","74-75",0.466,0.497,0.546,0.472,0.43,-0.26,4.45,4.03,4.02,4.28,NA,NA,"","","07:07 PM ET"
"2026-09-16","Athletics","Tampa Bay Rays","Scheduled","","Tampa Bay Rays",0.2383,0.7617,"401816958","0","0","60-88","89-59",0.405,0.601,0.386,0.542,-1.26,0.4,4.37,4.51,5.63,4.11,NA,NA,"","","10:40 PM ET"
"2026-09-16","Los Angeles Dodgers","Cincinnati Reds","Scheduled","","Los Angeles Dodgers",0.619,0.381,"401816962","0","0","90-58","69-79",0.608,0.466,0.619,0.404,1.16,-0.99,4.98,4.19,3.82,5.18,NA,NA,"","","10:40 PM ET"
"2026-09-16","Milwaukee Brewers","Pittsburgh Pirates","Scheduled","","Milwaukee Brewers",0.6113,0.3887,"401816963","0","0","93-56","74-75",0.624,0.497,0.63,0.516,1.32,0.17,5.2,4.79,3.89,4.62,NA,NA,"","","10:40 PM ET"
"2026-09-16","Philadelphia Phillies","Washington Nationals","Scheduled","","Philadelphia Phillies",0.6082,0.3918,"401816964","0","0","82-67","69-81",0.55,0.46,0.518,0.501,0.17,0.01,4.47,5.11,4.3,5.09,NA,NA,"","","10:45 PM ET"
"2026-09-16","Baltimore Orioles","New York Mets","Scheduled","","New York Mets",0.4759,0.5241,"401816959","0","0","72-77","69-79",0.483,0.466,0.481,0.478,-0.19,-0.22,4.5,4.34,4.69,4.56,NA,NA,"","","11:00 PM ET"
"2026-09-16","Atlanta Braves","Chicago Cubs","Scheduled","","Atlanta Braves",0.5464,0.4536,"401816965","0","0","88-61","83-66",0.591,0.557,0.587,0.587,0.81,0.93,4.62,5.34,3.81,4.41,NA,NA,"","","11:40 PM ET"
"2026-09-16","Boston Red Sox","Texas Rangers","Scheduled","","Boston Red Sox",0.5335,0.4665,"401816966","0","0","81-68","72-76",0.544,0.486,0.563,0.465,0.57,-0.33,4.42,4.13,3.85,4.46,NA,NA,"","","12:05 AM ET"
"2026-09-16","Kansas City Royals","Houston Astros","Scheduled","","Houston Astros",0.3927,0.6073,"401816967","0","0","66-83","75-74",0.443,0.503,0.439,0.471,-0.61,-0.29,4.25,4.46,4.86,4.75,NA,NA,"","","12:10 AM ET"
"2026-09-16","San Diego Padres","Colorado Rockies","Scheduled","","San Diego Padres",0.6894,0.3106,"401816970","0","0","80-68","55-93",0.541,0.372,0.515,0.405,0.14,-1.09,4.28,4.7,4.14,5.79,NA,NA,"","","12:40 AM ET"
"2026-09-16","Seattle Mariners","Los Angeles Angels","Scheduled","","Seattle Mariners",0.5786,0.4214,"401816972","0","0","69-79","56-92",0.466,0.378,0.445,0.446,-0.51,-0.51,3.96,4.05,4.47,4.55,NA,NA,"","","01:38 AM ET"
"2026-09-16","Miami Marlins","Arizona Diamondbacks","Scheduled","","Arizona Diamondbacks",0.4053,0.5947,"401816971","0","0","73-76","79-69",0.49,0.534,0.503,0.505,0.03,0.05,4.43,4.44,4.4,4.39,NA,NA,"","","01:40 AM ET"
"2026-09-17","Milwaukee Brewers","Pittsburgh Pirates","Scheduled","","Milwaukee Brewers",0.6113,0.3887,"401816975","0","0","93-56","74-75",0.624,0.497,0.63,0.516,1.32,0.17,5.2,4.79,3.89,4.62,NA,NA,"","","04:35 PM ET"
"2026-09-17","Los Angeles Dodgers","Cincinnati Reds","Scheduled","","Los Angeles Dodgers",0.619,0.381,"401816974","0","0","90-58","69-79",0.608,0.466,0.619,0.404,1.16,-0.99,4.98,4.19,3.82,5.18,NA,NA,"","","04:40 PM ET"
"2026-09-17","Athletics","Tampa Bay Rays","Scheduled","","Tampa Bay Rays",0.2383,0.7617,"401816973","0","0","60-88","89-59",0.405,0.601,0.386,0.542,-1.26,0.4,4.37,4.51,5.63,4.11,NA,NA,"","","05:10 PM ET"
"2026-09-17","San Diego Padres","Colorado Rockies","Scheduled","","San Diego Padres",0.6894,0.3106,"401816980","0","0","80-68","55-93",0.541,0.372,0.515,0.405,0.14,-1.09,4.28,4.7,4.14,5.79,NA,NA,"","","07:10 PM ET"
"2026-09-17","Philadelphia Phillies","New York Mets","Scheduled","","Philadelphia Phillies",0.5669,0.4331,"401816976","0","0","82-67","69-79",0.55,0.466,0.518,0.478,0.17,-0.22,4.47,4.34,4.3,4.56,NA,NA,"","","11:15 PM ET"
"2026-09-17","Kansas City Royals","Houston Astros","Scheduled","","Houston Astros",0.3927,0.6073,"401816979","0","0","66-83","75-74",0.443,0.503,0.439,0.471,-0.61,-0.29,4.25,4.46,4.86,4.75,NA,NA,"","","11:15 PM ET"
"2026-09-17","Detroit Tigers","Chicago White Sox","Scheduled","","Chicago White Sox",0.4185,0.5815,"401816978","0","0","69-79","75-72",0.466,0.51,0.546,0.524,0.43,0.24,4.45,4.68,4.02,4.44,NA,NA,"","","11:40 PM ET"
"2026-09-17","Boston Red Sox","Texas Rangers","Scheduled","","Boston Red Sox",0.5335,0.4665,"401816977","0","0","81-68","72-76",0.544,0.486,0.563,0.465,0.57,-0.33,4.42,4.13,3.85,4.46,NA,NA,"","","12:05 AM ET"
"2026-09-17","Minnesota Twins","Los Angeles Angels","Scheduled","","Minnesota Twins",0.5627,0.4373,"401816981","0","0","70-78","56-92",0.473,0.378,0.465,0.446,-0.37,-0.51,4.6,4.05,4.97,4.55,NA,NA,"","","01:38 AM ET"
"2026-09-18","Chicago Cubs","Cincinnati Reds","Scheduled","","Chicago Cubs",0.5306,0.4694,"401816984","0","0","83-66","69-79",0.557,0.466,0.587,0.404,0.93,-0.99,5.34,4.19,4.41,5.18,NA,NA,"","","10:40 PM ET"
"2026-09-18","Kansas City Royals","Pittsburgh Pirates","Scheduled","","Pittsburgh Pirates",0.4132,0.5868,"401816985","0","0","66-83","74-75",0.443,0.497,0.439,0.516,-0.61,0.17,4.25,4.79,4.86,4.62,NA,NA,"","","10:40 PM ET"
"2026-09-18","Milwaukee Brewers","Baltimore Orioles","Scheduled","","Milwaukee Brewers",0.617,0.383,"401816986","0","0","93-56","72-77",0.624,0.483,0.63,0.481,1.32,-0.19,5.2,4.5,3.89,4.69,NA,NA,"","","11:05 PM ET"
"2026-09-18","Athletics","Cleveland Guardians","Scheduled","","Cleveland Guardians",0.3285,0.6715,"401816982","0","0","60-88","75-74",0.405,0.503,0.386,0.49,-1.26,-0.09,4.37,4.07,5.63,4.16,NA,NA,"","","11:10 PM ET"
"2026-09-18","Boston Red Sox","Tampa Bay Rays","Scheduled","","Tampa Bay Rays",0.3963,0.6037,"401816983","0","0","81-68","89-59",0.544,0.601,0.563,0.542,0.57,0.4,4.42,4.51,3.85,4.11,NA,NA,"","","11:10 PM ET"
"2026-09-18","Philadelphia Phillies","New York Mets","Scheduled","","Philadelphia Phillies",0.5669,0.4331,"401816987","0","0","82-67","69-79",0.55,0.466,0.518,0.478,0.17,-0.22,4.47,4.34,4.3,4.56,NA,NA,"","","11:10 PM ET"
"2026-09-18","Detroit Tigers","Chicago White Sox","Scheduled","","Chicago White Sox",0.4185,0.5815,"401816989","0","0","69-79","75-72",0.466,0.51,0.546,0.524,0.43,0.24,4.45,4.68,4.02,4.44,NA,NA,"","","11:40 PM ET"
"2026-09-18","Toronto Blue Jays","Texas Rangers","Scheduled","","Texas Rangers",0.4805,0.5195,"401816990","0","0","74-75","72-76",0.497,0.486,0.472,0.465,-0.26,-0.33,4.03,4.13,4.28,4.46,NA,NA,"","","12:05 AM ET"
"2026-09-18","Atlanta Braves","Houston Astros","Scheduled","","Atlanta Braves",0.5779,0.4221,"401816988","0","0","88-61","75-74",0.591,0.503,0.587,0.471,0.81,-0.29,4.62,4.46,3.81,4.75,NA,NA,"","","12:10 AM ET"
"2026-09-18","Seattle Mariners","Colorado Rockies","Scheduled","","Seattle Mariners",0.6079,0.3921,"401816992","0","0","69-79","55-93",0.466,0.372,0.445,0.405,-0.51,-1.09,3.96,4.7,4.47,5.79,NA,NA,"","","12:10 AM ET"
"2026-09-18","Washington Nationals","St. Louis Cardinals","Scheduled","","St. Louis Cardinals",0.3943,0.6057,"401816991","0","0","69-81","73-75",0.46,0.493,0.501,0.495,0.01,-0.05,5.11,4.56,5.09,4.61,NA,NA,"","","12:15 AM ET"
"2026-09-18","Minnesota Twins","Los Angeles Angels","Scheduled","","Minnesota Twins",0.5627,0.4373,"401816994","0","0","70-78","56-92",0.473,0.378,0.465,0.446,-0.37,-0.51,4.6,4.05,4.97,4.55,NA,NA,"","","01:38 AM ET"
"2026-09-18","Miami Marlins","San Diego Padres","Scheduled","","San Diego Padres",0.3883,0.6117,"401816993","0","0","73-76","80-68",0.49,0.541,0.503,0.515,0.03,0.14,4.43,4.28,4.4,4.14,NA,NA,"","","01:40 AM ET"
"2026-09-18","New York Yankees","Arizona Diamondbacks","Scheduled","","New York Yankees",0.5174,0.4826,"401816995","0","0","85-63","79-69",0.574,0.534,0.591,0.505,0.83,0.05,4.56,4.44,3.73,4.39,NA,NA,"","","01:40 AM ET"
"2026-09-18","San Francisco Giants","Los Angeles Dodgers","Scheduled","","Los Angeles Dodgers",0.2573,0.7427,"401816996","0","0","62-87","90-58",0.416,0.608,0.449,0.619,-0.5,1.16,4.21,4.98,4.72,3.82,NA,NA,"","","02:10 AM ET"
"2026-09-19","Milwaukee Brewers","Baltimore Orioles","Scheduled","","Milwaukee Brewers",0.617,0.383,"401817001","0","0","93-56","72-77",0.624,0.483,0.63,0.481,1.32,-0.19,5.2,4.5,3.89,4.69,NA,NA,"","","08:05 PM ET"
"2026-09-19","Boston Red Sox","Tampa Bay Rays","Scheduled","","Tampa Bay Rays",0.3963,0.6037,"401816998","0","0","81-68","89-59",0.544,0.601,0.563,0.542,0.57,0.4,4.42,4.51,3.85,4.11,NA,NA,"","","08:10 PM ET"
"2026-09-19","Philadelphia Phillies","New York Mets","Scheduled","","Philadelphia Phillies",0.5669,0.4331,"401817002","0","0","82-67","69-79",0.55,0.466,0.518,0.478,0.17,-0.22,4.47,4.34,4.3,4.56,NA,NA,"","","08:10 PM ET"
"2026-09-19","Athletics","Cleveland Guardians","Scheduled","","Cleveland Guardians",0.3285,0.6715,"401816997","0","0","60-88","75-74",0.405,0.503,0.386,0.49,-1.26,-0.09,4.37,4.07,5.63,4.16,NA,NA,"","","10:10 PM ET"
"2026-09-19","Chicago Cubs","Cincinnati Reds","Scheduled","","Chicago Cubs",0.5306,0.4694,"401816999","0","0","83-66","69-79",0.557,0.466,0.587,0.404,0.93,-0.99,5.34,4.19,4.41,5.18,NA,NA,"","","10:40 PM ET"
"2026-09-19","Kansas City Royals","Pittsburgh Pirates","Scheduled","","Pittsburgh Pirates",0.4132,0.5868,"401817000","0","0","66-83","74-75",0.443,0.497,0.439,0.516,-0.61,0.17,4.25,4.79,4.86,4.62,NA,NA,"","","10:40 PM ET"
"2026-09-19","Toronto Blue Jays","Texas Rangers","Scheduled","","Texas Rangers",0.4805,0.5195,"401817005","0","0","74-75","72-76",0.497,0.486,0.472,0.465,-0.26,-0.33,4.03,4.13,4.28,4.46,NA,NA,"","","11:05 PM ET"
"2026-09-19","Atlanta Braves","Houston Astros","Scheduled","","Atlanta Braves",0.5779,0.4221,"401817003","0","0","88-61","75-74",0.591,0.503,0.587,0.471,0.81,-0.29,4.62,4.46,3.81,4.75,NA,NA,"","","11:10 PM ET"
"2026-09-19","Detroit Tigers","Chicago White Sox","Scheduled","","Chicago White Sox",0.4185,0.5815,"401817004","0","0","69-79","75-72",0.466,0.51,0.546,0.524,0.43,0.24,4.45,4.68,4.02,4.44,NA,NA,"","","11:10 PM ET"
"2026-09-19","Washington Nationals","St. Louis Cardinals","Scheduled","","St. Louis Cardinals",0.3943,0.6057,"401817006","0","0","69-81","73-75",0.46,0.493,0.501,0.495,0.01,-0.05,5.11,4.56,5.09,4.61,NA,NA,"","","11:15 PM ET"
"2026-09-19","Seattle Mariners","Colorado Rockies","Scheduled","","Seattle Mariners",0.6079,0.3921,"401817007","0","0","69-79","55-93",0.466,0.372,0.445,0.405,-0.51,-1.09,3.96,4.7,4.47,5.79,NA,NA,"","","12:10 AM ET"
"2026-09-19","New York Yankees","Arizona Diamondbacks","Scheduled","","New York Yankees",0.5174,0.4826,"401817010","0","0","85-63","79-69",0.574,0.534,0.591,0.505,0.83,0.05,4.56,4.44,3.73,4.39,NA,NA,"","","12:10 AM ET"
"2026-09-19","Miami Marlins","San Diego Padres","Scheduled","","San Diego Padres",0.3883,0.6117,"401817008","0","0","73-76","80-68",0.49,0.541,0.503,0.515,0.03,0.14,4.43,4.28,4.4,4.14,NA,NA,"","","12:40 AM ET"
"2026-09-19","San Francisco Giants","Los Angeles Dodgers","Scheduled","","Los Angeles Dodgers",0.2573,0.7427,"401817011","0","0","62-87","90-58",0.416,0.608,0.449,0.619,-0.5,1.16,4.21,4.98,4.72,3.82,NA,NA,"","","01:10 AM ET"
"2026-09-19","Minnesota Twins","Los Angeles Angels","Scheduled","","Minnesota Twins",0.5627,0.4373,"401817009","0","0","70-78","56-92",0.473,0.378,0.465,0.446,-0.37,-0.51,4.6,4.05,4.97,4.55,NA,NA,"","","01:38 AM ET"
"2026-09-20","Philadelphia Phillies","New York Mets","Scheduled","","Philadelphia Phillies",0.5669,0.4331,"401817017","0","0","82-67","69-79",0.55,0.466,0.518,0.478,0.17,-0.22,4.47,4.34,4.3,4.56,NA,NA,"","","05:10 PM ET"
"2026-09-20","Kansas City Royals","Pittsburgh Pirates","Scheduled","","Pittsburgh Pirates",0.4132,0.5868,"401817015","0","0","66-83","74-75",0.443,0.497,0.439,0.516,-0.61,0.17,4.25,4.79,4.86,4.62,NA,NA,"","","05:35 PM ET"
"2026-09-20","Athletics","Cleveland Guardians","Scheduled","","Cleveland Guardians",0.3285,0.6715,"401817012","0","0","60-88","75-74",0.405,0.503,0.386,0.49,-1.26,-0.09,4.37,4.07,5.63,4.16,NA,NA,"","","05:40 PM ET"
"2026-09-20","Boston Red Sox","Tampa Bay Rays","Scheduled","","Tampa Bay Rays",0.3963,0.6037,"401817013","0","0","81-68","89-59",0.544,0.601,0.563,0.542,0.57,0.4,4.42,4.51,3.85,4.11,NA,NA,"","","05:40 PM ET"
"2026-09-20","Chicago Cubs","Cincinnati Reds","Scheduled","","Chicago Cubs",0.5306,0.4694,"401817014","0","0","83-66","69-79",0.557,0.466,0.587,0.404,0.93,-0.99,5.34,4.19,4.41,5.18,NA,NA,"","","05:40 PM ET"
"2026-09-20","Atlanta Braves","Houston Astros","Scheduled","","Atlanta Braves",0.5779,0.4221,"401817018","0","0","88-61","75-74",0.591,0.503,0.587,0.471,0.81,-0.29,4.62,4.46,3.81,4.75,NA,NA,"","","06:10 PM ET"
"2026-09-20","Detroit Tigers","Chicago White Sox","Scheduled","","Chicago White Sox",0.4185,0.5815,"401817019","0","0","69-79","75-72",0.466,0.51,0.546,0.524,0.43,0.24,4.45,4.68,4.02,4.44,NA,NA,"","","06:10 PM ET"
"2026-09-20","Washington Nationals","St. Louis Cardinals","Scheduled","","St. Louis Cardinals",0.3943,0.6057,"401817021","0","0","69-81","73-75",0.46,0.493,0.501,0.495,0.01,-0.05,5.11,4.56,5.09,4.61,NA,NA,"","","06:15 PM ET"
"2026-09-20","Toronto Blue Jays","Texas Rangers","Scheduled","","Texas Rangers",0.4805,0.5195,"401817020","0","0","74-75","72-76",0.497,0.486,0.472,0.465,-0.26,-0.33,4.03,4.13,4.28,4.46,NA,NA,"","","06:35 PM ET"
"2026-09-20","Seattle Mariners","Colorado Rockies","Scheduled","","Seattle Mariners",0.6079,0.3921,"401817022","0","0","69-79","55-93",0.466,0.372,0.445,0.405,-0.51,-1.09,3.96,4.7,4.47,5.79,NA,NA,"","","07:10 PM ET"
"2026-09-20","Minnesota Twins","Los Angeles Angels","Scheduled","","Minnesota Twins",0.5627,0.4373,"401817024","0","0","70-78","56-92",0.473,0.378,0.465,0.446,-0.37,-0.51,4.6,4.05,4.97,4.55,NA,NA,"","","08:07 PM ET"
"2026-09-20","Miami Marlins","San Diego Padres","Scheduled","","San Diego Padres",0.3883,0.6117,"401817023","0","0","73-76","80-68",0.49,0.541,0.503,0.515,0.03,0.14,4.43,4.28,4.4,4.14,NA,NA,"","","08:10 PM ET"
"2026-09-20","New York Yankees","Arizona Diamondbacks","Scheduled","","New York Yankees",0.5174,0.4826,"401817025","0","0","85-63","79-69",0.574,0.534,0.591,0.505,0.83,0.05,4.56,4.44,3.73,4.39,NA,NA,"","","08:10 PM ET"
"2026-09-20","San Francisco Giants","Los Angeles Dodgers","Scheduled","","Los Angeles Dodgers",0.2573,0.7427,"401817026","0","0","62-87","90-58",0.416,0.608,0.449,0.619,-0.5,1.16,4.21,4.98,4.72,3.82,NA,NA,"","","08:10 PM ET"
"2026-09-20","Milwaukee Brewers","Baltimore Orioles","Scheduled","","Milwaukee Brewers",0.617,0.383,"401817016","0","0","93-56","72-77",0.624,0.483,0.63,0.481,1.32,-0.19,5.2,4.5,3.89,4.69,NA,NA,"","","11:20 PM ET"
"2026-09-21","Toronto Blue Jays","Baltimore Orioles","Scheduled","","Baltimore Orioles",0.4997,0.5003,"401817027","0","0","74-75","72-77",0.497,0.483,0.472,0.481,-0.26,-0.19,4.03,4.5,4.28,4.69,NA,NA,"","","10:35 PM ET"
"2026-09-21","Washington Nationals","Detroit Tigers","Scheduled","","Detroit Tigers",0.4186,0.5814,"401817028","0","0","69-81","69-79",0.46,0.466,0.501,0.546,0.01,0.43,5.11,4.45,5.09,4.02,NA,NA,"","","10:40 PM ET"
"2026-09-21","Minnesota Twins","San Francisco Giants","Scheduled","","Minnesota Twins",0.5197,0.4803,"401817029","0","0","70-78","62-87",0.473,0.416,0.465,0.449,-0.37,-0.5,4.6,4.21,4.97,4.72,NA,NA,"","","01:45 AM ET"
"2026-09-22","Tampa Bay Rays","New York Yankees","Scheduled","","New York Yankees",0.4921,0.5079,"401873648","0","0","89-59","85-63",0.601,0.574,0.542,0.591,0.4,0.83,4.51,4.56,4.11,3.73,NA,NA,"","","05:05 PM ET"
"2026-09-22","Toronto Blue Jays","Baltimore Orioles","Scheduled","","Baltimore Orioles",0.4997,0.5003,"401817035","0","0","74-75","72-77",0.497,0.483,0.472,0.481,-0.26,-0.19,4.03,4.5,4.28,4.69,NA,NA,"","","10:35 PM ET"
"2026-09-22","Milwaukee Brewers","Philadelphia Phillies","Scheduled","","Milwaukee Brewers",0.5278,0.4722,"401817032","0","0","93-56","82-67",0.624,0.55,0.63,0.518,1.32,0.17,5.2,4.47,3.89,4.3,NA,NA,"","","10:40 PM ET"
"2026-09-22","St. Louis Cardinals","Pittsburgh Pirates","Scheduled","","Pittsburgh Pirates",0.4661,0.5339,"401817033","0","0","73-75","74-75",0.493,0.497,0.495,0.516,-0.05,0.17,4.56,4.79,4.61,4.62,NA,NA,"","","10:40 PM ET"
"2026-09-22","Washington Nationals","Detroit Tigers","Scheduled","","Detroit Tigers",0.4186,0.5814,"401817036","0","0","69-81","69-79",0.46,0.466,0.501,0.546,0.01,0.43,5.11,4.45,5.09,4.02,NA,NA,"","","10:40 PM ET"
"2026-09-22","Cleveland Guardians","Boston Red Sox","Scheduled","","Boston Red Sox",0.4164,0.5836,"401817031","0","0","75-74","81-68",0.503,0.544,0.49,0.563,-0.09,0.57,4.07,4.42,4.16,3.85,NA,NA,"","","10:45 PM ET"
"2026-09-22","Cincinnati Reds","Atlanta Braves","Scheduled","","Atlanta Braves",0.3153,0.6847,"401817030","0","0","69-79","88-61",0.466,0.591,0.404,0.587,-0.99,0.81,4.19,4.62,5.18,3.81,NA,NA,"","","11:15 PM ET"
"2026-09-22","Chicago White Sox","Kansas City Royals","Scheduled","","Chicago White Sox",0.533,0.467,"401817037","0","0","75-72","66-83",0.51,0.443,0.524,0.439,0.24,-0.61,4.68,4.25,4.44,4.86,NA,NA,"","","11:40 PM ET"
"2026-09-22","Miami Marlins","Chicago Cubs","Scheduled","","Chicago Cubs",0.4162,0.5838,"401817038","0","0","73-76","83-66",0.49,0.557,0.503,0.587,0.03,0.93,4.43,5.34,4.4,4.41,NA,NA,"","","11:40 PM ET"
"2026-09-22","New York Mets","Texas Rangers","Scheduled","","Texas Rangers",0.4277,0.5723,"401817039","0","0","69-79","72-76",0.466,0.486,0.478,0.465,-0.22,-0.33,4.34,4.13,4.56,4.46,NA,NA,"","","12:05 AM ET"
"2026-09-22","Arizona Diamondbacks","Colorado Rockies","Scheduled","","Arizona Diamondbacks",0.6739,0.3261,"401817040","0","0","79-69","55-93",0.534,0.372,0.505,0.405,0.05,-1.09,4.44,4.7,4.39,5.79,NA,NA,"","","12:40 AM ET"
"2026-09-22","Los Angeles Angels","Athletics","Scheduled","","Athletics",0.4357,0.5643,"401817041","0","0","56-92","60-88",0.378,0.405,0.446,0.386,-0.51,-1.26,4.05,4.37,4.55,5.63,NA,NA,"","","01:40 AM ET"
"2026-09-22","Houston Astros","Seattle Mariners","Scheduled","","Seattle Mariners",0.4897,0.5103,"401817042","0","0","75-74","69-79",0.503,0.466,0.471,0.445,-0.29,-0.51,4.46,3.96,4.75,4.47,NA,NA,"","","01:40 AM ET"
"2026-09-22","Minnesota Twins","San Francisco Giants","Scheduled","","Minnesota Twins",0.5197,0.4803,"401817043","0","0","70-78","62-87",0.473,0.416,0.465,0.449,-0.37,-0.5,4.6,4.21,4.97,4.72,NA,NA,"","","01:45 AM ET"
"2026-09-22","San Diego Padres","Los Angeles Dodgers","Scheduled","","Los Angeles Dodgers",0.4008,0.5992,"401817044","0","0","80-68","90-58",0.541,0.608,0.515,0.619,0.14,1.16,4.28,4.98,4.14,3.82,NA,NA,"","","02:10 AM ET"
"2026-09-23","Washington Nationals","Detroit Tigers","Scheduled","","Detroit Tigers",0.4186,0.5814,"401817051","0","0","69-81","69-79",0.46,0.466,0.501,0.546,0.01,0.43,5.11,4.45,5.09,4.02,NA,NA,"","","05:10 PM ET"
"2026-09-23","Minnesota Twins","San Francisco Giants","Scheduled","","Minnesota Twins",0.5197,0.4803,"401817058","0","0","70-78","62-87",0.473,0.416,0.465,0.449,-0.37,-0.5,4.6,4.21,4.97,4.72,NA,NA,"","","07:45 PM ET"
"2026-09-23","Toronto Blue Jays","Baltimore Orioles","Scheduled","","Baltimore Orioles",0.4997,0.5003,"401817050","0","0","74-75","72-77",0.497,0.483,0.472,0.481,-0.26,-0.19,4.03,4.5,4.28,4.69,NA,NA,"","","10:35 PM ET"
"2026-09-23","Milwaukee Brewers","Philadelphia Phillies","Scheduled","","Milwaukee Brewers",0.5278,0.4722,"401817047","0","0","93-56","82-67",0.624,0.55,0.63,0.518,1.32,0.17,5.2,4.47,3.89,4.3,NA,NA,"","","10:40 PM ET"
"2026-09-23","St. Louis Cardinals","Pittsburgh Pirates","Scheduled","","Pittsburgh Pirates",0.4661,0.5339,"401817048","0","0","73-75","74-75",0.493,0.497,0.495,0.516,-0.05,0.17,4.56,4.79,4.61,4.62,NA,NA,"","","10:40 PM ET"
"2026-09-23","Cleveland Guardians","Boston Red Sox","Scheduled","","Boston Red Sox",0.4164,0.5836,"401817046","0","0","75-74","81-68",0.503,0.544,0.49,0.563,-0.09,0.57,4.07,4.42,4.16,3.85,NA,NA,"","","11:00 PM ET"
"2026-09-23","Tampa Bay Rays","New York Yankees","Scheduled","","New York Yankees",0.4921,0.5079,"401817049","0","0","89-59","85-63",0.601,0.574,0.542,0.591,0.4,0.83,4.51,4.56,4.11,3.73,NA,NA,"","","11:05 PM ET"
"2026-09-23","Cincinnati Reds","Atlanta Braves","Scheduled","","Atlanta Braves",0.3153,0.6847,"401817045","0","0","69-79","88-61",0.466,0.591,0.404,0.587,-0.99,0.81,4.19,4.62,5.18,3.81,NA,NA,"","","11:15 PM ET"
"2026-09-23","Chicago White Sox","Kansas City Royals","Scheduled","","Chicago White Sox",0.533,0.467,"401817052","0","0","75-72","66-83",0.51,0.443,0.524,0.439,0.24,-0.61,4.68,4.25,4.44,4.86,NA,NA,"","","11:40 PM ET"
"2026-09-23","Miami Marlins","Chicago Cubs","Scheduled","","Chicago Cubs",0.4162,0.5838,"401817053","0","0","73-76","83-66",0.49,0.557,0.503,0.587,0.03,0.93,4.43,5.34,4.4,4.41,NA,NA,"","","11:40 PM ET"
"2026-09-23","New York Mets","Texas Rangers","Scheduled","","Texas Rangers",0.4277,0.5723,"401817054","0","0","69-79","72-76",0.466,0.486,0.478,0.465,-0.22,-0.33,4.34,4.13,4.56,4.46,NA,NA,"","","12:05 AM ET"
"2026-09-23","Arizona Diamondbacks","Colorado Rockies","Scheduled","","Arizona Diamondbacks",0.6739,0.3261,"401817055","0","0","79-69","55-93",0.534,0.372,0.505,0.405,0.05,-1.09,4.44,4.7,4.39,5.79,NA,NA,"","","12:40 AM ET"
"2026-09-23","Los Angeles Angels","Athletics","Scheduled","","Athletics",0.4357,0.5643,"401817056","0","0","56-92","60-88",0.378,0.405,0.446,0.386,-0.51,-1.26,4.05,4.37,4.55,5.63,NA,NA,"","","01:40 AM ET"
"2026-09-23","Houston Astros","Seattle Mariners","Scheduled","","Seattle Mariners",0.4897,0.5103,"401817057","0","0","75-74","69-79",0.503,0.466,0.471,0.445,-0.29,-0.51,4.46,3.96,4.75,4.47,NA,NA,"","","02:00 AM ET"
"2026-09-23","San Diego Padres","Los Angeles Dodgers","Scheduled","","Los Angeles Dodgers",0.4008,0.5992,"401817059","0","0","80-68","90-58",0.541,0.608,0.515,0.619,0.14,1.16,4.28,4.98,4.14,3.82,NA,NA,"","","02:10 AM ET"
"2026-09-24","St. Louis Cardinals","Pittsburgh Pirates","Scheduled","","Pittsburgh Pirates",0.4661,0.5339,"401817063","0","0","73-75","74-75",0.493,0.497,0.495,0.516,-0.05,0.17,4.56,4.79,4.61,4.62,NA,NA,"","","04:35 PM ET"
"2026-09-24","Chicago White Sox","Kansas City Royals","Scheduled","","Chicago White Sox",0.533,0.467,"401817065","0","0","75-72","66-83",0.51,0.443,0.524,0.439,0.24,-0.61,4.68,4.25,4.44,4.86,NA,NA,"","","06:10 PM ET"
"2026-09-24","Miami Marlins","Chicago Cubs","Scheduled","","Chicago Cubs",0.4162,0.5838,"401817066","0","0","73-76","83-66",0.49,0.557,0.503,0.587,0.03,0.93,4.43,5.34,4.4,4.41,NA,NA,"","","06:20 PM ET"
"2026-09-24","New York Mets","Texas Rangers","Scheduled","","Texas Rangers",0.4277,0.5723,"401817067","0","0","69-79","72-76",0.466,0.486,0.478,0.465,-0.22,-0.33,4.34,4.13,4.56,4.46,NA,NA,"","","06:35 PM ET"
"2026-09-24","Arizona Diamondbacks","Colorado Rockies","Scheduled","","Arizona Diamondbacks",0.6739,0.3261,"401817068","0","0","79-69","55-93",0.534,0.372,0.505,0.405,0.05,-1.09,4.44,4.7,4.39,5.79,NA,NA,"","","07:10 PM ET"
"2026-09-24","Milwaukee Brewers","Philadelphia Phillies","Scheduled","","Milwaukee Brewers",0.5278,0.4722,"401817062","0","0","93-56","82-67",0.624,0.55,0.63,0.518,1.32,0.17,5.2,4.47,3.89,4.3,NA,NA,"","","10:05 PM ET"
"2026-09-24","Cleveland Guardians","Boston Red Sox","Scheduled","","Boston Red Sox",0.4164,0.5836,"401817061","0","0","75-74","81-68",0.503,0.544,0.49,0.563,-0.09,0.57,4.07,4.42,4.16,3.85,NA,NA,"","","10:45 PM ET"
"2026-09-24","Tampa Bay Rays","New York Yankees","Scheduled","","New York Yankees",0.4921,0.5079,"401817064","0","0","89-59","85-63",0.601,0.574,0.542,0.591,0.4,0.83,4.51,4.56,4.11,3.73,NA,NA,"","","11:05 PM ET"
"2026-09-24","Cincinnati Reds","Atlanta Braves","Scheduled","","Atlanta Braves",0.3153,0.6847,"401817060","0","0","69-79","88-61",0.466,0.591,0.404,0.587,-0.99,0.81,4.19,4.62,5.18,3.81,NA,NA,"","","11:15 PM ET"
"2026-09-24","Los Angeles Angels","Seattle Mariners","Scheduled","","Seattle Mariners",0.3479,0.6521,"401817069","0","0","56-92","69-79",0.378,0.466,0.446,0.445,-0.51,-0.51,4.05,3.96,4.55,4.47,NA,NA,"","","01:40 AM ET"
"2026-09-24","Houston Astros","Athletics","Scheduled","","Houston Astros",0.5813,0.4187,"401817070","0","0","75-74","60-88",0.503,0.405,0.471,0.386,-0.29,-1.26,4.46,4.37,4.75,5.63,NA,NA,"","","01:40 AM ET"
"2026-09-24","San Diego Padres","Los Angeles Dodgers","Scheduled","","Los Angeles Dodgers",0.4008,0.5992,"401817071","0","0","80-68","90-58",0.541,0.608,0.515,0.619,0.14,1.16,4.28,4.98,4.14,3.82,NA,NA,"","","02:10 AM ET"
"2026-09-25","Pittsburgh Pirates","Detroit Tigers","Scheduled","","Detroit Tigers",0.4813,0.5187,"401817077","0","0","74-75","69-79",0.497,0.466,0.516,0.546,0.17,0.43,4.79,4.45,4.62,4.02,NA,NA,"","","10:40 PM ET"
"2026-09-25","Tampa Bay Rays","Philadelphia Phillies","Scheduled","","Tampa Bay Rays",0.5276,0.4724,"401817078","0","0","89-59","82-67",0.601,0.55,0.542,0.518,0.4,0.17,4.51,4.47,4.11,4.3,NA,NA,"","","10:40 PM ET"
"2026-09-25","New York Mets","Washington Nationals","Scheduled","","New York Mets",0.5038,0.4962,"401817076","0","0","69-79","69-81",0.466,0.46,0.478,0.501,-0.22,0.01,4.34,5.11,4.56,5.09,NA,NA,"","","10:45 PM ET"
"2026-09-25","Baltimore Orioles","New York Yankees","Scheduled","","New York Yankees",0.34,0.66,"401817073","0","0","72-77","85-63",0.483,0.574,0.481,0.591,-0.19,0.83,4.5,4.56,4.69,3.73,NA,NA,"","","11:05 PM ET"
"2026-09-25","Cincinnati Reds","Toronto Blue Jays","Scheduled","","Toronto Blue Jays",0.4132,0.5868,"401817075","0","0","69-79","74-75",0.466,0.497,0.404,0.472,-0.99,-0.26,4.19,4.03,5.18,4.28,NA,NA,"","","11:07 PM ET"
"2026-09-25","Atlanta Braves","Miami Marlins","Scheduled","","Atlanta Braves",0.5912,0.4088,"401817072","0","0","88-61","73-76",0.591,0.49,0.587,0.503,0.81,0.03,4.62,4.43,3.81,4.4,NA,NA,"","","11:10 PM ET"
"2026-09-25","Chicago Cubs","Boston Red Sox","Scheduled","","Boston Red Sox",0.4293,0.5707,"401817074","0","0","83-66","81-68",0.557,0.544,0.587,0.563,0.93,0.57,5.34,4.42,4.41,3.85,NA,NA,"","","11:10 PM ET"
"2026-09-25","Cleveland Guardians","Kansas City Royals","Scheduled","","Cleveland Guardians",0.5499,0.4501,"401817079","0","0","75-74","66-83",0.503,0.443,0.49,0.439,-0.09,-0.61,4.07,4.25,4.16,4.86,NA,NA,"","","11:40 PM ET"
"2026-09-25","Colorado Rockies","Chicago White Sox","Scheduled","","Chicago White Sox",0.2949,0.7051,"401817080","0","0","55-93","75-72",0.372,0.51,0.405,0.524,-1.09,0.24,4.7,4.68,5.79,4.44,NA,NA,"","","11:40 PM ET"
"2026-09-25","St. Louis Cardinals","Milwaukee Brewers","Scheduled","","Milwaukee Brewers",0.3221,0.6779,"401817081","0","0","73-75","93-56",0.493,0.624,0.495,0.63,-0.05,1.32,4.56,5.2,4.61,3.89,NA,NA,"","","11:40 PM ET"
"2026-09-25","Texas Rangers","Minnesota Twins","Scheduled","","Minnesota Twins",0.4977,0.5023,"401817082","0","0","72-76","70-78",0.486,0.473,0.465,0.465,-0.33,-0.37,4.13,4.6,4.46,4.97,NA,NA,"","","12:10 AM ET"
"2026-09-25","Arizona Diamondbacks","San Diego Padres","Scheduled","","San Diego Padres",0.4435,0.5565,"401817084","0","0","79-69","80-68",0.534,0.541,0.505,0.515,0.05,0.14,4.44,4.28,4.39,4.14,NA,NA,"","","01:40 AM ET"
"2026-09-25","Houston Astros","Athletics","Scheduled","","Houston Astros",0.5813,0.4187,"401817085","0","0","75-74","60-88",0.503,0.405,0.471,0.386,-0.29,-1.26,4.46,4.37,4.75,5.63,NA,NA,"","","01:40 AM ET"
"2026-09-25","Los Angeles Angels","Seattle Mariners","Scheduled","","Seattle Mariners",0.3479,0.6521,"401817083","0","0","56-92","69-79",0.378,0.466,0.446,0.445,-0.51,-0.51,4.05,3.96,4.55,4.47,NA,NA,"","","02:10 AM ET"
"2026-09-25","Los Angeles Dodgers","San Francisco Giants","Scheduled","","Los Angeles Dodgers",0.6789,0.3211,"401817086","0","0","90-58","62-87",0.608,0.416,0.619,0.449,1.16,-0.5,4.98,4.21,3.82,4.72,NA,NA,"","","02:15 AM ET"
"2026-09-26","Pittsburgh Pirates","Detroit Tigers","Scheduled","","Detroit Tigers",0.4813,0.5187,"401817092","0","0","74-75","69-79",0.497,0.466,0.516,0.546,0.17,0.43,4.79,4.45,4.62,4.02,NA,NA,"","","05:10 PM ET"
"2026-09-26","Cincinnati Reds","Toronto Blue Jays","Scheduled","","Toronto Blue Jays",0.4132,0.5868,"401817090","0","0","69-79","74-75",0.466,0.497,0.404,0.472,-0.99,-0.26,4.19,4.03,5.18,4.28,NA,NA,"","","07:07 PM ET"
"2026-09-26","New York Mets","Washington Nationals","Scheduled","","New York Mets",0.5038,0.4962,"401817091","0","0","69-79","69-81",0.466,0.46,0.478,0.501,-0.22,0.01,4.34,5.11,4.56,5.09,NA,NA,"","","08:05 PM ET"
"2026-09-26","Los Angeles Dodgers","San Francisco Giants","Scheduled","","Los Angeles Dodgers",0.6789,0.3211,"401817101","0","0","90-58","62-87",0.608,0.416,0.619,0.449,1.16,-0.5,4.98,4.21,3.82,4.72,NA,NA,"","","08:05 PM ET"
"2026-09-26","Atlanta Braves","Miami Marlins","Scheduled","","Atlanta Braves",0.5912,0.4088,"401817087","0","0","88-61","73-76",0.591,0.49,0.587,0.503,0.81,0.03,4.62,4.43,3.81,4.4,NA,NA,"","","08:10 PM ET"
"2026-09-26","Texas Rangers","Minnesota Twins","Scheduled","","Minnesota Twins",0.4977,0.5023,"401817097","0","0","72-76","70-78",0.486,0.473,0.465,0.465,-0.33,-0.37,4.13,4.6,4.46,4.97,NA,NA,"","","08:10 PM ET"
"2026-09-26","Cleveland Guardians","Kansas City Royals","Scheduled","","Cleveland Guardians",0.5499,0.4501,"401817094","0","0","75-74","66-83",0.503,0.443,0.49,0.439,-0.09,-0.61,4.07,4.25,4.16,4.86,NA,NA,"","","11:10 PM ET"
"2026-09-26","Colorado Rockies","Chicago White Sox","Scheduled","","Chicago White Sox",0.2949,0.7051,"401817095","0","0","55-93","75-72",0.372,0.51,0.405,0.524,-1.09,0.24,4.7,4.68,5.79,4.44,NA,NA,"","","11:10 PM ET"
"2026-09-26","St. Louis Cardinals","Milwaukee Brewers","Scheduled","","Milwaukee Brewers",0.3221,0.6779,"401817096","0","0","73-75","93-56",0.493,0.624,0.495,0.63,-0.05,1.32,4.56,5.2,4.61,3.89,NA,NA,"","","11:10 PM ET"
"2026-09-26","Baltimore Orioles","New York Yankees","Scheduled","","New York Yankees",0.34,0.66,"401817088","0","0","72-77","85-63",0.483,0.574,0.481,0.591,-0.19,0.83,4.5,4.56,4.69,3.73,NA,NA,"","","11:15 PM ET"
"2026-09-26","Chicago Cubs","Boston Red Sox","Scheduled","","Boston Red Sox",0.4293,0.5707,"401817089","0","0","83-66","81-68",0.557,0.544,0.587,0.563,0.93,0.57,5.34,4.42,4.41,3.85,NA,NA,"","","11:15 PM ET"
"2026-09-26","Tampa Bay Rays","Philadelphia Phillies","Scheduled","","Tampa Bay Rays",0.5276,0.4724,"401817093","0","0","89-59","82-67",0.601,0.55,0.542,0.518,0.4,0.17,4.51,4.47,4.11,4.3,NA,NA,"","","11:15 PM ET"
"2026-09-26","Arizona Diamondbacks","San Diego Padres","Scheduled","","San Diego Padres",0.4435,0.5565,"401817099","0","0","79-69","80-68",0.534,0.541,0.505,0.515,0.05,0.14,4.44,4.28,4.39,4.14,NA,NA,"","","12:40 AM ET"
"2026-09-26","Los Angeles Angels","Seattle Mariners","Scheduled","","Seattle Mariners",0.3479,0.6521,"401817098","0","0","56-92","69-79",0.378,0.466,0.446,0.445,-0.51,-0.51,4.05,3.96,4.55,4.47,NA,NA,"","","01:40 AM ET"
"2026-09-26","Houston Astros","Athletics","Scheduled","","Houston Astros",0.5813,0.4187,"401817100","0","0","75-74","60-88",0.503,0.405,0.471,0.386,-0.29,-1.26,4.46,4.37,4.75,5.63,NA,NA,"","","01:40 AM ET"
"2026-09-27","Chicago Cubs","Boston Red Sox","Scheduled","","Boston Red Sox",0.4293,0.5707,"401817104","0","0","83-66","81-68",0.557,0.544,0.587,0.563,0.93,0.57,5.34,4.42,4.41,3.85,NA,NA,"","","07:05 PM ET"
"2026-09-27","New York Mets","Washington Nationals","Scheduled","","New York Mets",0.5038,0.4962,"401817106","0","0","69-79","69-81",0.466,0.46,0.478,0.501,-0.22,0.01,4.34,5.11,4.56,5.09,NA,NA,"","","07:05 PM ET"
"2026-09-27","Tampa Bay Rays","Philadelphia Phillies","Scheduled","","Tampa Bay Rays",0.5276,0.4724,"401817108","0","0","89-59","82-67",0.601,0.55,0.542,0.518,0.4,0.17,4.51,4.47,4.11,4.3,NA,NA,"","","07:05 PM ET"
"2026-09-27","Houston Astros","Athletics","Scheduled","","Houston Astros",0.5813,0.4187,"401817115","0","0","75-74","60-88",0.503,0.405,0.471,0.386,-0.29,-1.26,4.46,4.37,4.75,5.63,NA,NA,"","","07:05 PM ET"
"2026-09-27","Los Angeles Dodgers","San Francisco Giants","Scheduled","","Los Angeles Dodgers",0.6789,0.3211,"401817116","0","0","90-58","62-87",0.608,0.416,0.619,0.449,1.16,-0.5,4.98,4.21,3.82,4.72,NA,NA,"","","07:05 PM ET"
"2026-09-27","Cincinnati Reds","Toronto Blue Jays","Scheduled","","Toronto Blue Jays",0.4132,0.5868,"401817105","0","0","69-79","74-75",0.466,0.497,0.404,0.472,-0.99,-0.26,4.19,4.03,5.18,4.28,NA,NA,"","","07:07 PM ET"
"2026-09-27","Atlanta Braves","Miami Marlins","Scheduled","","Atlanta Braves",0.5912,0.4088,"401817102","0","0","88-61","73-76",0.591,0.49,0.587,0.503,0.81,0.03,4.62,4.43,3.81,4.4,NA,NA,"","","07:10 PM ET"
"2026-09-27","Pittsburgh Pirates","Detroit Tigers","Scheduled","","Detroit Tigers",0.4813,0.5187,"401817107","0","0","74-75","69-79",0.497,0.466,0.516,0.546,0.17,0.43,4.79,4.45,4.62,4.02,NA,NA,"","","07:10 PM ET"
"2026-09-27","Cleveland Guardians","Kansas City Royals","Scheduled","","Cleveland Guardians",0.5499,0.4501,"401817109","0","0","75-74","66-83",0.503,0.443,0.49,0.439,-0.09,-0.61,4.07,4.25,4.16,4.86,NA,NA,"","","07:10 PM ET"
"2026-09-27","Colorado Rockies","Chicago White Sox","Scheduled","","Chicago White Sox",0.2949,0.7051,"401817110","0","0","55-93","75-72",0.372,0.51,0.405,0.524,-1.09,0.24,4.7,4.68,5.79,4.44,NA,NA,"","","07:10 PM ET"
"2026-09-27","St. Louis Cardinals","Milwaukee Brewers","Scheduled","","Milwaukee Brewers",0.3221,0.6779,"401817111","0","0","73-75","93-56",0.493,0.624,0.495,0.63,-0.05,1.32,4.56,5.2,4.61,3.89,NA,NA,"","","07:10 PM ET"
"2026-09-27","Texas Rangers","Minnesota Twins","Scheduled","","Minnesota Twins",0.4977,0.5023,"401817112","0","0","72-76","70-78",0.486,0.473,0.465,0.465,-0.33,-0.37,4.13,4.6,4.46,4.97,NA,NA,"","","07:10 PM ET"
"2026-09-27","Los Angeles Angels","Seattle Mariners","Scheduled","","Seattle Mariners",0.3479,0.6521,"401817113","0","0","56-92","69-79",0.378,0.466,0.446,0.445,-0.51,-0.51,4.05,3.96,4.55,4.47,NA,NA,"","","07:10 PM ET"
"2026-09-27","Arizona Diamondbacks","San Diego Padres","Scheduled","","San Diego Padres",0.4435,0.5565,"401817114","0","0","79-69","80-68",0.534,0.541,0.505,0.515,0.05,0.14,4.44,4.28,4.39,4.14,NA,NA,"","","07:10 PM ET"
"2026-09-27","Baltimore Orioles","New York Yankees","Scheduled","","New York Yankees",0.34,0.66,"401817103","0","0","72-77","85-63",0.483,0.574,0.481,0.591,-0.19,0.83,4.5,4.56,4.69,3.73,NA,NA,"","","07:20 PM ET"
